"ഭൗതികപ്രപഞ്ചത്തെ മൊത്തത്തിൽ സൂചിപ്പിക്കുന്ന പദമാണ് പ്രകൃതി (ജർമൻ: Natur, ഫ്രഞ്ച്, ഇംഗ്ലീഷ്: Nature, സ്പാനിഷ്: Naturaleza, പോർച്ചുഗീസ്: Natureza).",Malayalam
ഭൗതികപ്രതിഭാസങ്ങളും ജീവനും പ്രകൃതിയുടെ ഘടകങ്ങളാണ്.,Malayalam
മനുഷ്യനിർമിതമായ വസ്തുക്കളെ പ്രകൃതിയുടെ ഭാഗമായി കണക്കാക്കാറില്ല.,Malayalam
അവയെ കൃത്രിമം എന്ന് വിശേഷിപ്പിക്കുന്നുഅഭിപ്രായസ്വാതന്ത്ര്യം ഇംഗ്ലീഷ് പദമായ nature എന്നതിൻറെ ഉൽപത്തി ലാറ്റിൻ പദമായ natura എന്നതിൽ നിന്നാണ്.,Malayalam
പ്രകൃതി എന്ന പദം പ്രപഞ്ചത്തെയും അതിലെ സമസ്ത പ്രതിഭാസങ്ങളെയും ഉൾ‍ക്കൊള്ളുന്നു.,Malayalam
അറിയപ്പെടുന്ന ഗ്രഹങ്ങളിൽ ജീവൻ നിലനിൽക്കുന്നതായി അറിവുള്ള ഏകഗ്രഹമാണ് ഭൂമി.,Malayalam
സൗരയൂഥത്തിൽ സൂര്യനിൽ നിന്ന് മൂന്നാം സ്ഥാനമാണ് ഭൂമിക്ക് ഉള്ളത്.,Malayalam
പ്രപഞ്ചത്തിലെ വസ്തുക്കളുടെ അന്തരീക്ഷത്തിന് പുറത്തുള്ള താരതമ്യേന ശൂന്യമായ സ്ഥലത്തെ ബഹിരാകാശം എന്ന് പറയുന്നു(?).,Malayalam
"ദർശനം ശാസ്ത്രം ==കുറിപ്പുകളും അവലംബങ്ങളും==ഉരുൾപൊട്ടൽ   The image must be attributed with a credit line reading ""Reprinted by permission from Macmillan Publishers Ltd: Nature {{{1}}}, copyright {{{2}}}"", and a hyperlink to nature's homepage.",Malayalam
"Atmospheric sciences ·
പരിതഃസ്ഥിതിക ശാസ്ത്രം ·
Geosciences ·
Soil science ·
ഹൈഡ്രോളജി അനുബദ്ധ വിഷയങ്ങൾ: ജീവശാസ്ത്രം ·
രസതന്ത്രം ·
Environmental design ·
Environmental economics ·
Environmental ethics ·
Environmental law ·
ഭൗതികശാസ്ത്രം ·
Pollution control ·
Sustainability ·
പാഴ്വസ്തു കൈകാര്യം Environmental technology  എല്ലാ ഭാഷകളിലും സ്വതന്ത്രവും സമ്പൂർണവുമായ വിജ്ഞാനകോശം നിർമ്മിക്കുവാനുള്ള ഒരു കൂട്ടായ സംരംഭമാണ് വിക്കിപീഡിയ (ഇംഗ്ലീഷ്: Wikipedia).",Malayalam
ലാഭേച്ഛയില്ലാതെ പ്രവർത്തിക്കുന്ന വിക്കിമീഡിയ ഫൗണ്ടേഷന്റെ പിന്തുണയോടെയാണ് ഈ പദ്ധതി പ്രവർത്തിക്കുന്നത്.,Malayalam
വിക്കിപീഡിയയിലെ ഉള്ളടക്കം ഗ്നൂ സ്വതന്ത്ര പ്രസിദ്ധീകരണാനുമതി പ്രകാരം ലഭ്യമായതിനാൽ എപ്പോഴും സ്വതന്ത്രവും സൗജന്യവും ആയിരിക്കും.,Malayalam
എങ്കിലും ചില പതിപ്പുകളിൽ സ്വതന്ത്രമല്ലാത്ത ഉള്ളടക്കവും നിലവിലുണ്ട്.,Malayalam
"വിക്കിപീഡിയ എന്ന പേര്, വിക്കി, എൻസൈക്ലോപീഡിയ എന്നീ പദങ്ങളുടെ ഒരു മിശ്രശബ്ദമാണ്.",Malayalam
ലോകം മുഴുവനും വ്യാപിച്ചു കിടക്കുന്ന സന്നദ്ധ സേവന  തൽപരരായ ഉപയോക്താക്കൾ  സഹകരണത്തോടെ പ്രവർത്തിച്ചാണ് വിക്കിപീഡിയയിൽ ലേഖനങ്ങൾ എഴുതുന്നത്‌.,Malayalam
"ലേഖനം എഴുതുവാനും,  മിക്കവാറും എല്ലാ ലേഖനങ്ങളും തിരുത്തി എഴുതുവാനും ഏവർക്കും സ്വാതന്ത്ര്യവും സൗകര്യവും വിക്കിപീഡിയ അനുവദിക്കുന്നുണ്ട്.",Malayalam
"ജിമ്മി വെയിൽ‌സ്, ലാറി സാങർ എന്നിവർ 2001 ജനുവരി 15നാണ്‌ വിക്കിപീഡിയ പദ്ധതിക്ക് തുടക്കംകുറിച്ചത്‌.",Malayalam
വിദഗ്ദ്ധന്മാർ ലേഖനങ്ങളെഴുതിയ നൂപീഡിയ എന്ന വെബ്‌ വിജ്ഞാനകോശത്തിന്റെ പൂരകസംവിധാനമായാണ്‌ വിക്കിപീഡിയ ആരംഭിച്ചത്‌.,Malayalam
ജനകീയ പങ്കാളിത്തത്തിലൂടെ മാതൃവെബ്‌സൈറ്റിനെക്കാൾ പ്രശസ്തി കൈവരിക്കാൻ വിക്കിപീഡിയയ്ക്ക് സാധിച്ചു.,Malayalam
ഇന്ന് ഇന്റർനെറ്റിൽ ഏറ്റവും പ്രശസ്തമായ പൊതു-അവലംബ ഉദ്യമമായി വിക്കിപീഡിയ കണക്കാക്കപ്പെടുന്നു.വിക്കിസോഫ്‌റ്റ്‌വെയർ എന്ന സംവിധാനമാണ്‌ ഈ സ്വതന്ത്രവിജ്ഞാനകോശത്തിന്റെ അടിസ്ഥാനം.,Malayalam
292 ഭാഷകളിൽ വിക്കിപീഡിയയുടെ പതിപ്പുകളുണ്ട്‌.,Malayalam
"6,113,330 ൽ അധികം  ലേഖനങ്ങളുള്ള ഇംഗ്ലീഷ്‌ പതിപ്പാണ്‌ (http://en.wikipedia.org) ഈ സംരംഭത്തിന്റെ പതാകവാഹക.",Malayalam
മലയാളമടക്കം 20 ഇന്ത്യൻഭാഷകളിലും വിക്കിപീഡിയ പ്രവർത്തിക്കുന്നു.,Malayalam
ആർക്കും എഴുതാവുന്ന ഒരു സ്വതന്ത്രവിജ്ഞാനകോശം എന്ന ആശയം സ്വതന്ത്ര സോഫ്റ്റ് വെയറിന്റെ പ്രണേതാവായ റിച്ചാർഡ് സ്റ്റാൾമാൻ 1999-ൽ മുന്നോട്ടു വച്ചിരുന്നു[5][6].,Malayalam
ആ ആശയത്തിനെ പ്രാവർത്തികമാക്കാനുള്ള ആദ്യശ്രമം റിക്ക് ഗേറ്റ്സിന്റെ ഇന്റർപീഡിയ ആയിരുന്നു[7][8].,Malayalam
എങ്കിലും അത്‌ പ്ലാനിങ് ഘട്ടം കഴിഞ്ഞ് അധികം മുന്നോട്ടുപോയില്ല.,Malayalam
അതത് വിഷയങ്ങളിലെ പ്രമുഖരുടെ ലേഖനങ്ങൾക്ക്‌ പ്രാധാന്യം കൊടുത്തുകൊണ്ടുള്ള ന്യൂപീഡിയ ആയിരുന്നു അടുത്തത്‌.,Malayalam
ജിമ്മി വെയിൽ‌സും സഹായി ലാരി സാങറും ആയിരുന്നു അതിന്റെ ശിൽപ്പികൾ[9][10].,Malayalam
"ലേഖനങ്ങളുടെ ഗുണമേന്മയ്ക്കു കൊടുത്തിരുന്ന അമിതപ്രാധാന്യമാവാം, അതിന്റെ വളർച്ച മെല്ലെയായിരുന്നു.",Malayalam
"അതുകൊണ്ട്‌, ന്യൂപീഡിയയെ സഹായിക്കാനായി പൊതുജനങ്ങൾക്കെല്ലാം ഒരു പോലെ എഡിറ്റ് ചെയ്യാനാവുന്ന വിക്കിപീഡിയ എന്ന സംരംഭം ജിമ്മി വെയിൽ‌സും സഹായി ലാരി സാങറും ചേർന്ന് ആരംഭിച്ചു.",Malayalam
വിദഗ്ദ്ധന്മാർ ലേഖനങ്ങളെഴുതിയ നൂപീഡിയ എന്ന വെബ് വിജ്ഞാനകോശത്തിന്റെ പൂരകസംവിധാനമായി ആരംഭിച്ച വിക്കിപീഡിയ ജനകീയ പങ്കാളിത്തത്തിലൂടെ മാതൃവെബ്സൈറ്റിനെയും കടത്തി വെട്ടി കാലാന്തരത്തിൽ തനതുവ്യക്തിത്വമുള്ള ഏറ്റവും വലിയ സ്വതന്ത്രവിജ്ഞാനകോശമായി മാറി.,Malayalam
[അവലംബം ആവശ്യമാണ്] അനേകം എഴുത്തുകാരുടേയും വായനക്കാരുടേയും സഹകരണത്തോടെ സൃഷ്ടിക്കപ്പെട്ടിരിക്കുന്ന ഒരു സ്വതന്ത്ര ഓൺ‌ലൈൻ വിജ്ഞാനകോശമാണ് വിക്കിപീഡിയ.,Malayalam
"വിക്കിപീഡിയയാണ് ഇന്നുള്ള ഏറ്റവും വലിയ വിക്കി[11]
[12].",Malayalam
2001 ജനുവരി 15-നാണ് വിക്കിപീഡിയ പ്രൊജക്റ്റിനു തുടക്കംകുറിച്ചത്.,Malayalam
ലക്ഷക്കണക്കിന് ഉപയോക്താക്കൾ തന്നെയാണ് ലാഭേച്ഛയില്ലാതെ വിക്കിപീഡിയയിലെ ലേഖനങ്ങൾ എഴുതുന്നത്.,Malayalam
വിക്കിപീഡിയ വെബ് പേജില് ലേഖനങ്ങളെഴുതാനും അവ തിരുത്തുവാനും ഏവർക്കും സ്വാതന്ത്ര്യവും സൗകര്യവും നല്കുന്ന വിക്കിസോഫ്റ്റ് വെയർ ആണ് ഈ സ്വതന്ത്രവിജ്ഞാനകോശത്തിന്റെ അടിസ്ഥാനം.,Malayalam
വളരെയധികം ഉപയോക്താക്കൾ തുടർച്ചയായി വിക്കിപീഡിയ മെച്ചപ്പെടുത്തുന്നുണ്ട്.,Malayalam
ആയിരക്കണക്കിനു മാറ്റങ്ങൾ ഒരോ മണിക്കൂറിലും അവർ‍ നടത്തുന്നുമുണ്ട്.,Malayalam
ഈ മാറ്റങ്ങൾ എല്ലാംതന്നെ വിക്കിപീഡിയ സൂക്ഷിച്ച് വെക്കുന്നുണ്ട്.,Malayalam
അനാവശ്യ മാറ്റങ്ങൾ വളരെ പെട്ടെന്നു തന്നെ സാധാരണയായി ഒഴിവാക്കാറുണ്ട്.,Malayalam
അതുപോലെ തുടർച്ചയായി ശല്യപ്പെടുത്തുന്ന നിയമവിരുദ്ധരെ മാറ്റങ്ങൾ വരുത്തുന്നതിൽ നിന്നും തടയാറുണ്ട്.,Malayalam
നിലവിൽ301 ഭാഷകളിൽ വിക്കിപീഡിയയുടെ പതിപ്പുകളുണ്ട്.,Malayalam
മൃതമായി കൊണ്ടിരുന്ന പല ഭാഷകളും ലിപികളും വിക്കിപീഡിയയുടെ പ്രവർത്തനങ്ങളിലൂടെ പുനർജീവിച്ചു കൊണ്ടിരിക്കുന്നു[13].,Malayalam
നാല്പത്തഞ്ച് ലക്ഷത്തിനടുത്ത് ലേഖനങ്ങളുള്ള വിക്കിപീഡിയയുടെ ഇംഗ്ലീഷ് പതിപ്പാണ് ഈ സംരംഭത്തിന്റെ പതാകവാഹക‍.,Malayalam
തുടങ്ങിയ ആദ്യവർഷത്തിൽ തന്നെ ഇംഗ്ലീഷ് വിക്കിപീഡിയയിലെ ലേഖനങ്ങളുടെ എണ്ണം ഇരുപതിനായിരം കവിഞ്ഞു.,Malayalam
ഒരു ദിവസം 6 ലക്ഷത്തിൽ കൂടുതൽ ആളുകൾ ഇംഗ്ലീഷ് വിക്കിപീഡിയ റഫർ ചെയ്യുന്നു.,Malayalam
മലയാളമടക്കം 21 ഇന്ത്യൻഭാഷകളിലും വിക്കിപീഡിയ പ്രവർത്തിക്കുന്നു.,Malayalam
"മലയാളം വിക്കിപീഡിയയിൽ നിലവിൽ 71,820 ഓളം ലേഖനങ്ങൾ ഉണ്ട്.",Malayalam
വിക്കിപീഡിയയിലെ ഉള്ളടക്കം ഗ്നു (GNU) Free Documentation License-നാൽ നിയന്ത്രിക്കപ്പെട്ടിരിക്കുന്നു.,Malayalam
അതിനാൽ വിക്കിപീഡിയയിലെ ഉള്ളടക്കം എല്ലാക്കാലവും സ്വതന്ത്രവും സൗജന്യവും ആയിരിക്കും.,Malayalam
ലാഭേച്ഛകൂടാതെ പ്രവർത്തിക്കുന്ന വിക്കിമീഡിയ ഫൗണ്ടേഷൻ എന്ന സ്ഥാപനമാണ് ഇപ്പോൾ വിക്കിപീഡിയയെ നിയന്ത്രിക്കുന്നത്.,Malayalam
വിക്കിപീഡിയ ഒരു ഓൺ‌ലൈൻ വിജ്ഞാനകോശമാണ്.,Malayalam
"അറിവു പങ്കു വെയ്കാനും, ഉയർന്ന ഗുണമേന്മയുള്ള വിജ്ഞാനകോശം സൃഷ്ടിക്കണമെന്ന് ആഗ്രഹിക്കുകയും, പരസ്പരബഹുമാനവും, വിജ്ഞാനതൃഷ്ണയുമുള്ള ഓൺലൈൻ സമൂഹമാണ് വിക്കിപീഡിയയുടെ ശക്തി.",Malayalam
അതുകൊണ്ടൊക്കെ തന്നെ വിക്കിപീഡിയ ചിലമേഖലകളെ പ്രതിനിധാനം ചെയ്യുന്നില്ല.,Malayalam
സ്വന്തം കണ്ടെത്തലുകളും കാഴ്ചപ്പാടുകളും മാറ്റിനിർത്തി ലേഖനങ്ങളെഴുതുക എന്നതാണ് വിക്കിപീഡിയയുടെ ശൈലിയും കീഴ്‌വഴക്കവും.,Malayalam
അതായത് എഴുതപ്പെടുന്ന കാര്യങ്ങൾക്ക് വ്യക്തമായ തെളിവുകളുണ്ടാകണം.,Malayalam
പത്രമാസികകളും ഇതര പ്രസിദ്ധീകരണങ്ങളും ഉദ്ധരിച്ചാണ് മിക്കവാറും വിക്കിപീഡിയയിലെ ലേഖനങ്ങൾ എഴുതപ്പെടുന്നത്.,Malayalam
വിശ്വാസയോഗ്യമായ രേഖകൾ പരിശോധിച്ച് ലേഖനങ്ങളെഴുതുക എന്നതു തുടക്കത്തിൽ ശ്രമകരമായിത്തോന്നാം.,Malayalam
എന്നാൽ വിക്കിപീഡിയയിലെ സജീവ പ്രവർത്തനത്തിലൂടെ ഇക്കാര്യത്തിലും പരിചയം നേടിയെടുക്കാവുന്നതേയുള്ളൂ.,Malayalam
എഴുതുന്ന കാര്യങ്ങൾക്കെല്ലാം തെളിവുകൾ വേണം എന്നതുകൊണ്ട് എല്ലാവരികൾക്കും ഉറവിടം ചേർത്തുകൊള്ളണം എന്നില്ല.,Malayalam
സാർവത്രികമായി അംഗീകരിക്കപ്പെട്ടിരിക്കുന്ന കാര്യങ്ങൾക്കോ മറ്റുള്ളവർക്ക് അധികം സംശയമില്ലാത്ത കാര്യങ്ങൾക്കോ ഇപ്രകാരം റഫറൻസുകൾ ചേർക്കണം എന്നു നിർബന്ധമില്ല.,Malayalam
ഒട്ടുമിക്ക ലേഖനങ്ങളിലും പ്രധാന റഫറൻസ് ദിനപത്രങ്ങളാണ്.,Malayalam
അതായത് ഏതെങ്കിലും വിഷയത്തെപ്പറ്റി ലേഖനമെഴുതാനുദ്ദേശിക്കുന്ന വിക്കിപീഡിയൻ അതുമായി ബന്ധപ്പെട്ട പത്രവാർത്തകളും ലേഖനങ്ങളും സേർച്ച് ചെയ്തെടുക്കുന്നു.,Malayalam
ഓൺ‌ലൈൻ ആക്റ്റിവിസത്തിന്റെ ഇക്കാലത്ത് അനായാസമായ ഈ സൗകര്യം പക്ഷേ മലയാളത്തിൽ ശൈശവാവസ്ഥയിലാണ്.,Malayalam
ഓൺലൈൻ തിരയിലിലൂടെ റഫറൻസുകൾ കണ്ടെത്തുക എന്നത് മലയാളഭാഷയിൽ ബുദ്ധിമുട്ടാണെന്നകാര്യം ഏവർക്കുമറിവുള്ളതാണല്ലോ.,Malayalam
കാരണം നമ്മുടെ പത്രങ്ങൾ ഒക്കെ ഇപ്പോഴും യൂണികോഡ് ഫോണ്ട് ഉപയോഗിക്കാൻ തുടങ്ങിയിട്ടില്ല എന്നതാണ്.,Malayalam
കേരളത്തിനുള്ളിൽ നിന്നും പ്രവർത്തിക്കുന്ന വിക്കിപീഡിയർ ഏറെയുണ്ടാകുന്നതുകൊണ്ടുള്ള മറ്റൊരു സുപ്രധാനനേട്ടവും ഈ റഫറൻസുകളുമായി ബന്ധപ്പെട്ടിരിക്കുന്നു.,Malayalam
കേരള ചരിത്രത്തെപ്പറ്റിയും സംസ്കാരത്തെപ്പറ്റിയുമൊക്കെയുള്ള ഗ്രന്ഥങ്ങളും ലേഖനങ്ങളും എളുപ്പത്തിൽ കണ്ടെത്താം എന്നതിനാൽ കേരളത്തിലുള്ളവർക്ക് ആധികാരിക രേഖകൾ അടിസ്ഥാനമാക്കി ലേഖനങ്ങളെഴുതുക കൂടുതൽ സൗകര്യപ്രദമാണ്.,Malayalam
മലയാളം വിക്കിപീഡിയ കേരളത്തിനുള്ളിൽ നിന്നും കൂടുതൽ പ്രവർത്തകരെ സ്വാഗതം ചെയ്യുന്നതും ഇക്കാരണം കൊണ്ടാണ്.,Malayalam
വിക്കിപീഡിയയിലെ ഒരു ലേഖനത്തിനും കൃത്യമായൊരു രചയിതാവില്ല.,Malayalam
അതായത്‌ ഒരു ലേഖനത്തിനു പിന്നിൽ പ്രവർത്തിച്ചവർ പലരുണ്ടാവും.അവരുടെ കാഴ്ചപ്പാടുകളും വ്യത്യസ്തമാവും.,Malayalam
"അതുകൊണ്ടുതന്നെ, എല്ലാവർക്കും ഒരു പോലെ യോജിക്കാനാവുന്ന ഒരു മധ്യമാ‍ർഗത്തിനേ വിക്കിയിലെ ലേഖനങ്ങളിൽ നിലനിൽപ്പുണ്ടാവൂ.",Malayalam
"അതായത്‌ വിക്കി വളരെ സ്വാഭാവികമായി തന്നെ നിഷ്പക്ഷത
ഉറപ്പാക്കുന്നു.",Malayalam
"കാശ്മീർ, സിന്ധൂനദീതടസംസ്കാരം, ഇസ്രായേൽ-പാലസ്തീൻ എന്നിങ്ങനെയുള്ള ഏറ്റവും കുഴഞ്ഞുമറിഞ്ഞ പ്രശ്നങ്ങളിൽ പോലും ഏറ്റവും നിഷ്പക്ഷമായ സമീപനത്തിന് പേരുകേട്ടതാണ് വിക്കിപീഡിയ.",Malayalam
വിക്കിപീഡിയയിലെ വിവരണം മാത്രമേ ഏതു പ്രശ്നത്തിന്റേയും രണ്ടു വശങ്ങളും ഒരുപോലെ വിവരിക്കുന്നുള്ളൂ എന്നു വിശ്വസിക്കുന്നവരിപ്പോൾ ഏറി വരികയാണ്.,Malayalam
ഇങ്ങനെ അനേകം പേരുടെ കൂട്ടായ്മയിൽ നിന്നാണ് ഓരോ ലേഖനങ്ങളുടേയും ആധികാരികത ഉറപ്പാക്കപ്പെടുന്നത്‌.,Malayalam
മറ്റൊരു രീതിയിൽ പറഞ്ഞാൽ തെറ്റെഴുതിയാൽ തിരുത്താനും ആളുണ്ടെന്നർഥം.,Malayalam
"എല്ലാ ലേഖകരും, എല്ലാ വിവരസ്രോതസ്സുകളും വസ്തുതകളോട് പക്ഷപാതിത്വം ഉള്ളവരായിരിക്കും അതുകൊണ്ടുതന്നെ വലിയൊരു ലേഖകസംഘം തങ്ങളുടെ കാഴ്ചപ്പാടുകൾ സ്രോതസ്സുകളുടെ പിൻബലത്തോടെ ഒരു ലേഖനത്തിൽ അവതരിപ്പിക്കുമ്പോൾ ലേഖനത്തിന് സ്വതന്ത്രമായ ഒരു നിഷ്പക്ഷത ലഭിക്കേണ്ടതാണ്.",Malayalam
ഇത്തരത്തിൽ ചേരുന്നതും ചേരാത്തതുമായ വിവിധ കാഴ്ചപ്പാടുകളെ ഒരുമിച്ച് കൈകാര്യം ചെയ്യുന്നതിനെ സന്തുലിതമായ കാഴ്ചപ്പാട് എന്നാണ് വിക്കിപീഡിയ സ്വയം വിളിക്കുന്നത്.,Malayalam
"ഇനി ഒരാൾക്ക് തന്റെ കാഴ്ചപ്പാട് വിക്കിപീഡിയയിൽ ഇല്ല എന്നു തോന്നിയെന്നിരിക്കട്ടെ, അയാൾക്ക് അത് സ്വയം സ്രോതസ്സിന്റെ പിൻബലത്തോടെ വിക്കിപീഡിയയിൽ ചേർക്കാവുന്നതാണ്.",Malayalam
"ചിലർക്ക് നല്ലതെന്ന് തോന്നുന്ന കാര്യങ്ങൾ മറ്റു ചിലർക്ക് അത് ചീത്തയായി അനുഭവപ്പെട്ടേക്കാം, അതുകൊണ്ട് വിവരങ്ങളെ വസ്തുതകൾ ആക്കി ചേർക്കാനാണ് വിക്കിപീഡിയ ആഗ്രഹിക്കുന്നത്.",Malayalam
ഉദാഹരണത്തിന് ജോർജ്ജ്.,Malayalam
ഡബ്ല്യു.,Malayalam
ബുഷ്.,Malayalam
നല്ലവനാണോ ചീത്തയാണോ എന്ന് വിക്കിപീഡിയയിൽ നിന്ന് അറിയാൻ കഴിയില്ല.,Malayalam
പക്ഷേ അദ്ദേഹത്തിന്റെ ജനനം മുതലുള്ള എല്ലാ പ്രധാന കാര്യങ്ങളും വിക്കിപീഡിയയിൽ ഉണ്ടാവും.,Malayalam
നിരൂപണങ്ങൾ വിക്കിപീഡിയയിൽ ഉണ്ടാവില്ലെന്നർത്ഥം.,Malayalam
വിക്കിപീഡിയയുടെ വെബ് വിലാസത്തിന്റെ ആദ്യതാളിൽ വരാനുള്ള ലേഖനങ്ങളാണ് തിരഞ്ഞെടുത്ത ലേഖനങ്ങൾ.,Malayalam
ഒരു വായനക്കാരന്റെ ശ്രദ്ധയിൽ ആദ്യം പെടുന്ന ലേഖനം ആയതുകൊണ്ട് ഈ ലേഖനങ്ങളുടെ ഗുണനിലവാരം ഉറപ്പുവരുത്തുവാൻ വിക്കിപീഡിയയിലെ ലേഖകർ പ്രത്യേകം ശ്രദ്ധപുലർത്തുന്നു.,Malayalam
എല്ലാ മാസവും തിരഞ്ഞെടുത്ത ലേഖനം ആകുവാൻ സമർപ്പിക്കപ്പെടുന്ന പല ലേഖനങ്ങൾ ഉണ്ടാവാം.,Malayalam
ഇതിൽ നിന്ന് ജനാധിപത്യ പ്രക്രിയയിലൂടെ വിക്കിപീഡിയർ എല്ലാ മാസവും ഓരോ ലേഖനങ്ങളെ തിരഞ്ഞെടുക്കുന്നു.,Malayalam
ഇംഗ്ലീഷ് പോലുള്ള വിക്കിപീഡിയകളിൽ എല്ലാ ദിവസവും പുതിയ ലേഖനങ്ങളെ തിരഞ്ഞെടുത്ത് പ്രധാന താൾ പുതുക്കാറുണ്ട്.,Malayalam
സാമാന്യം പൂർണ്ണമായ ഉള്ളടക്കവും കൃത്യതയും ഉള്ള ലേഖനങ്ങളെ ആണ് തിരഞ്ഞെടുത്ത ലേഖനങ്ങളാവാൻ സമർപ്പിക്കുക.,Malayalam
ഒരു ലേഖനം തിരഞ്ഞെടുത്ത ലേഖനം ആവുന്നതിനു മുൻപ് വിക്കിപീഡിയർ ഈ ലേഖനത്തിൽ ധാരാളം തിരുത്തലുകൾ വരുത്തുന്നു.,Malayalam
ലേഖനത്തെ സംബന്ധിക്കുന്ന എല്ലാ വിവരങ്ങളും ചേർത്ത് ലേഖനം സമ്പൂർണ്ണമാക്കുന്നതിനും എല്ലാ ചെറുതും വലുതുമായ തെറ്റുകൾ തിരുത്തുന്നതിനും വിക്കിപീഡിയർ ശ്രദ്ധിക്കുന്നു.,Malayalam
ലേഖനത്തിന്റെ ആധികാരികത ഉറപ്പുവരുത്തുന്നതിന് ആവശ്യമായ ഗ്രന്ഥങ്ങളെയും മറ്റ് വിജ്ഞാന സ്രോതസ്സുകളെയും കുറിച്ചുള്ള വിവരങ്ങളും വിക്കിപീഡിയർ ലേഖനത്തിനു അവലംബമായി ചേർക്കുന്നു.,Malayalam
ലേഖനത്തിനു ആവശ്യമായ ചിത്രങ്ങളും ചേർക്കുമ്പോൾ വിജ്ഞാനപ്രദമായ ഒരു സമ്പൂർണ്ണലേഖനം പിറക്കുകയായി.,Malayalam
"ചാലക്കുടി, ആന, ലാറി ബേക്കർ, റോമൻ റിപ്പബ്ലിക്ക്, ക്രിക്കറ്റ്, നൈട്രജൻ, ഇന്ത്യൻ റെയിൽ‌വേ, തുടങ്ങിയ വിവിധ വിഷയങ്ങളിലുള്ള ലേഖനങ്ങൾ ഇതുവരെ തിരഞ്ഞെടുത്ത ലേഖനങ്ങളായി.",Malayalam
"പറയിപെറ്റ പന്തിരുകുലം, ഇബ്സൻ, തുടങ്ങിയ ലേഖനങ്ങൾ ഈ മാസത്തെ തിരഞ്ഞെടുത്ത ലേഖനങ്ങളാവാൻ സമർപ്പിക്കപ്പെട്ടിരിക്കുന്നു.",Malayalam
വലിയൊരു സംഘം വിക്കിപീഡിയർ ആണ് വിക്കിപീഡിയയിലെ ലേഖനങ്ങൾ തയ്യാറാക്കുന്നത്.,Malayalam
"ചിലർക്ക് അനേകം വിജ്ഞാനശകലങ്ങൾ കൈമുതലായുണ്ടാവും, ചിലർക്ക് അസാമാന്യമായ ഭാഷാസ്വാധീനമുണ്ടാവും.",Malayalam
"വിജ്ഞാനശകലങ്ങൾ
ചേർക്കുന്നവർക്കുണ്ടായേക്കാവുന്ന ഭാഷാപരമായ തെറ്റുകൾ ഭാഷയിൽ സ്വാധീനമുള്ള ലേഖകർ ശരിയാക്കുന്നു.",Malayalam
അങ്ങനെ അങ്ങനെ നിരന്തരമായ തിരുത്തലുകൾക്കൊടുവിൽ നല്ലൊരു ലേഖനം പിറക്കുന്നു.,Malayalam
മലയാളം വിക്കിപീഡിയയിലെ ലേഖകർ മലയാളികളാണ് അതുകൊണ്ട് മലയാള ഭാഷയുമായി ബന്ധപ്പെട്ട എല്ലാ ചർച്ചകളും തിരുത്തലുകളും മലയാളം വിക്കിപീഡിയയിലുണ്ടാകാറുണ്ട്.,Malayalam
ഇത്തരത്തിൽ സംവൃതോകാരത്തിന്റെ ഉപയോഗം സംബന്ധിച്ചുണ്ടായ ഇത്തരം ചർച്ച ഇന്നും അവസാനിച്ചിട്ടില്ല.,Malayalam
ഇംഗ്ലീഷ് പദങ്ങളുടെ മലയാളീകരണമാണ് പ്രശ്നമുള്ള മറ്റൊരു മേഖല.,Malayalam
പല ഇംഗ്ലീഷ് പദങ്ങൾക്കും തുല്യമായ മലയാളം പദമില്ലാത്തതിനാൽ ചിലർ അവിടെ അതേ പദം തന്നെ മലയാളം ലിപിയിൽ ഉപയോഗിക്കുന്നു.,Malayalam
മറ്റു ചിലരാകട്ടെ അവയ്ക്ക് സ്വന്തം കഴിവനുസരിച്ച് മലയാളം പദങ്ങൾ സൃഷ്ടിച്ച് ഉപയോഗിക്കുന്നു.,Malayalam
മലയാളം വിക്കിപീഡിയയിൽ ഉപയോക്താക്കളുടെ എണ്ണം വളരെയധികം ഇല്ലാത്തതിനാൽ ഇത്തരം കാര്യങ്ങളെല്ലാം ഇന്ന് കുഴഞ്ഞുമറിഞ്ഞു കിടക്കുകയാണ്.,Malayalam
മലയാളം വിക്കിപീഡിയയിൽ ലേഖകരുടെ എണ്ണം വർദ്ധിക്കുമ്പോൾ ഇത്തരം പ്രശ്നം എല്ലാം പരിഹരിക്കപ്പെടുമെന്നാണ് പൊതുവേ വിശ്വസിക്കുന്നത്.,Malayalam
ഇംഗ്ലീഷ് വിക്കിപീഡിയയിൽ പലപ്പോഴും ഭൂരിപക്ഷം ആളുകളുടെ അഭിപ്രായം സത്യം എന്ന രൂപത്തിൽ അടിച്ചേൽപ്പിക്കാൻ സാദ്ധ്യതയുണ്ടാവാറുണ്ട്। ഉദാ‍ഹരണത്തിന് കശ്മീർ പ്രശ്നം - ഇതിൽ പാകിസ്താൻ വംശജരെക്കാളും കൂടുതൽ വിക്കിപീഡിയ ഉപയോക്താക്കൾ ഇന്ത്യയിൽ നിന്ന് ഉള്ളവരായതിനാൽ ലേഖനത്തിന് ഇന്ത്യാ അനുകൂല ചായ്‌വ് വരാൻ സാദ്ധ്യതയുണ്ട്.,Malayalam
അതുപോലെ തന്നെ ബെൽഗാം ജില്ലയെച്ചൊല്ലി മഹാരാഷ്ട്രയും കർണ്ണാടകയും തമ്മിൽ ഉള്ള തർക്കം.,Malayalam
"വിവിധ രാഷ്ട്രീയ പ്രശ്നങ്ങളെ കുറിച്ചുള്ള ലേഖനങ്ങൾ, അന്താരാഷ്ട്ര തർക്കങ്ങൾ, അതിർത്തി തർക്കങ്ങൾ, രാഷ്ട്രീയ പാർട്ടികളെക്കുറിച്ചുള്ള ലേഖനങ്ങൾ, എന്നിവയൊക്കെ തർക്ക വിഷയങ്ങൾ ആവാറുണ്ട്.",Malayalam
അനേകം ഉപയോക്താക്കൾ തങ്ങളുടെ കാഴ്ച്ചപ്പാട് അനുസരിച്ച് ലേഖനം മാറ്റി എഴുതുമ്പോൾ പലപ്പൊഴും ഒരാൾ എഴുതിയ കാര്യങ്ങൾ പുതുതായി എഴുതുന്ന ആൾ മായ്ച്ചുകളയാറുമുണ്ട്.,Malayalam
ഇങ്ങനെ വരുമ്പൊൾ വിക്കിപീഡിയയുടെ കാര്യ നിർവ്വാഹകർ ലേഖനത്തിന്റെ നിഷ്പക്ഷത സംരക്ഷിക്കാൻ ശ്രമിക്കുന്നു.,Malayalam
ലേഖനത്തെ തിരുത്തൽ യുദ്ധത്തിൽ നിന്നും സംരക്ഷിക്കേണ്ട ചുമതലയും പലപ്പോഴും ഇവർക്കാണ്.,Malayalam
വിക്കിപീഡിയക്കായി സേവനങ്ങൾ ചെയ്യാൻ സന്നദ്ധരായവരെ പൊതുവേ വിക്കിപീഡിയർ എന്നു വിളിക്കുന്നു.,Malayalam
ഇവരുടെ സമൂഹത്തെ വിക്കിസമൂഹമെന്നും പറയുന്നു.,Malayalam
"വിക്കിപീഡിയ എന്താണെന്ന വ്യക്തമായ അവബോധത്തോടെ സേവനങ്ങൾ ചെയ്യുകയും വിജ്ഞാനതൃഷ്ണയും, അറിവു പങ്ക് വെക്കാനുള്ള മനസ്സും, പരസ്പരബഹുമാനവും ഉള്ള സ്വതന്ത്ര സമൂഹമാണ്
വിക്കിപീഡിയരുടേത്.",Malayalam
വിക്കിപീഡിയയിൽ രജിസ്റ്റർ ചെയ്യുന്നതിലൂടെയാണ് വിക്കിപീഡിയരുടെ എണ്ണം കണക്കാക്കുന്നത്.,Malayalam
"മലയാളത്തില് ഇതുവരെ 1,46,395  ഔദ്യോഗിക വിക്കിപീഡിയരുണ്ട്.",Malayalam
എന്നിരുന്നാലും വിക്കിപീഡിയയിൽ രജിസ്റ്റർ ചെയ്യാത്ത വിക്കിപീഡിയരും കുറവല്ല.,Malayalam
"സാധാരണ മനുഷ്യർക്കിടയിൽ അവരിലൊരാളായി, അവർ ചെയ്യുന്ന പണികളിലേതെങ്കിലും ചെയ്താണ് വിക്കിപീഡിയരുടെ ജീവിതവും മുന്നോട്ടുപോകുന്നത്.",Malayalam
എന്നാൽ ഇന്റർനെറ്റുമായി ബന്ധപ്പെടുത്തിയ കമ്പ്യൂട്ടർ ലഭിച്ചാൽ ഇവർ വിക്കിപീഡിയരായി മാറുന്നു.,Malayalam
"തങ്ങൾ ചെയ്യുന്നതും വിക്കിപീഡിയക്ക് നല്കുന്നതുമായ എന്തും മറ്റു വിക്കിപീഡിയർക്കോ, വിക്കിപീഡിയയുടെ വായനക്കാർക്കോ സ്വതന്ത്രമായി ഉപയോഗിക്കാനുള്ള അനുവാദം വിക്കിപീഡിയർ നല്കിയിരിക്കുന്നു.",Malayalam
പലതുള്ളി പെരുവെള്ളം എന്ന തത്ത്വത്തിലാണ് വിക്കിപീഡിയർ വിശ്വസിക്കുന്നത്.,Malayalam
റാണിയില്ലാത്ത ഉറുമ്പുകൂട്ടത്തെ പോലെയാണിവർ.,Malayalam
"ചിലർ വിക്കിപീഡിയക്കായി ലേഖനങ്ങൾ എഴുതുന്നു, ചിലർ പുതിയതായി സമൂഹത്തിൽ ചേരുന്നവരെ സ്വാഗതം ചെയ്യുന്നു, ചിലർ തെറ്റുകൾ തിരുത്തുന്നു, ചിലർ ചിത്രങ്ങൾ ചേർക്കുന്നു, ചിലർ ലേഖനങ്ങളെ തമ്മിൽ ബന്ധിപ്പിക്കുന്നു.",Malayalam
അങ്ങനെ അങ്ങനെ നാനാവിധ ജോലികൾ വിക്കിപീഡിയർ ചെയ്യുന്നു .,Malayalam
"വിക്കിപീഡിയർക്ക് പോലീസോ, കോടതിയോ, ഒരു കെട്ടുറപ്പുള്ള നിയമസംഹിതയോ ഇല്ല.",Malayalam
തങ്ങളുടെ പ്രവർത്തനങ്ങളിൽ ചിലപ്പോൾ അവർ തമ്മിൽ ആശയസംഘട്ടനങ്ങൾ സൃഷ്ടിക്കാറുണ്ടെങ്കിലും അവർ അത് സമവായത്തിലൂടെ പരിഹരിക്കുന്നു.,Malayalam
വിക്കിപീഡിയയിൽ വിക്കിപീഡിയർക്കായുള്ള താളുകളിൽ ഇവരെ പരിചയപ്പെടാം.,Malayalam
ഇത്തരം താളുകളിൽ ചെറുപെട്ടികളിൽ (user box) ഉപയോഗിച്ച് സ്വന്തം ശൈലി വെളിപ്പെടുത്തുന്നു എന്നത് ഇവരുടെ മറ്റൊരു പ്രത്യേകതയാണ്.,Malayalam
വിക്കിപീഡിയരിൽ ചിലരെ കാര്യനിർവ്വാഹകർ (സിസോപ്പുകൾ) ആയി തിരഞ്ഞെടുക്കുന്നു.,Malayalam
വിക്കിപീഡിയയിൽ ഉണ്ടായേക്കാവുന്ന ചപ്പും ചവറും എടുത്തുമാറ്റുക എന്നതാണ് കാര്യനിർവ്വാഹകരുടെ പ്രധാന ജോലി.,Malayalam
"തങ്ങളുടെ ഇടയിൽ നുഴഞ്ഞുകയറിയിട്ടുണ്ടായേക്കാവുന്ന വിക്കിവിരുദ്ധരെ ഭയന്ന്, സമൂഹത്തിന് നേരിട്ട് തിരുത്താൻ കഴിയാത്ത രീതിയിലേക്ക് നിർദ്ദേശിച്ചിട്ടുള്ള താളുകളിൽ മാറ്റം വരുത്തുവാൻ വിക്കിപീഡിയർ കാര്യനിർവ്വാഹകരെ നിയോഗിച്ചിരിക്കുന്നു.",Malayalam
ഇത്തരം ആൾക്കാരെ കണ്ടെത്തിയാൽ അവരെ തിരുത്തലുകൾ വരുത്തുന്നതിൽ നിന്നു തടയേണ്ട ചുമതലയും കാര്യനിർവ്വാഹർക്കുണ്ട്.,Malayalam
ഒരേ സമയം വിക്കിസമൂഹത്തിന്റെ പടയാളികളും തൂപ്പുകാരുമാണ് കാര്യനിർവ്വാഹകർ.,Malayalam
അതിനുപുറമേ സാധാരണ വിക്കിപീഡിയർ ചെയ്യുന്നതെന്തും ഇവരും ചെയ്യുന്നു.,Malayalam
സാധാരണ വിക്കിപീഡിയരേയും സിസോപ്പുകളേയും അപേക്ഷിച്ച് ജോലിഭാരം കൂടിയ ഉപവിഭാഗമാണ് ബ്യൂറോക്രാറ്റുകൾ.,Malayalam
ഇവരേയും മറ്റു വിക്കിപീഡിയർ തിരഞ്ഞെടുക്കുന്നതാണ്.,Malayalam
"വൃത്തിയാക്കൽ, തങ്ങളുടെ സൃഷ്ടികളേയും മറ്റും സംരക്ഷിക്കുക, എന്നീ ജോലികൾക്കു പുറമേ വിക്കിപീഡിയർ നിയോഗിക്കുന്ന സിസോപ്പുകളേയും മറ്റു ബ്യൂറോക്രാറ്റുകളേയും അത്തരത്തിൽ മാറ്റുക, വിക്കിപീഡിയയുടെ സ്രോതസ്സ് രൂപത്തിൽ എന്തെങ്കിലും മാറ്റം വരുത്തുക എന്നീ കാര്യങ്ങളും ബ്യൂറോക്രാറ്റുകൾ ചെയ്യുന്നു.",Malayalam
ദുരുദ്ദേശ്യത്തോടുകൂടി വിക്കിപീഡിയയിൽ മോശമായ തിരുത്തലുകൾ നടത്തുന്നതിനാണ് വാൻഡലിസം എന്നുപറയുക.,Malayalam
"ആർക്കും വിക്കിപീഡിയയിൽ എഴുതാവുന്നതുകൊണ്ട് നല്ല ലേഖനങ്ങൾ ചില ഉപയോക്താക്കൾ വന്ന് പാടേ മായ്ച്ചുകളയുന്നതും, പരസ്പരബന്ധമില്ലാത്ത കാര്യങ്ങളും തമാശകളും എഴുതിവെക്കുന്നതും, ലേഖനങ്ങളിൽ അശ്ലീല ചിത്രങ്ങൾ ചേർക്കുന്നതും ഒക്കെ വാൻഡലിസത്തിന് ഉദാഹരണമാണ്.",Malayalam
വാൻഡലിസം കാണിക്കുന്ന ഉപയോക്താവിന് അങ്ങനെ ചെയ്യരുത് എന്ന് മറ്റു വിക്കിപീഡിയർ താക്കീതു കൊടുക്കുന്നു.,Malayalam
താക്കീതുകൾ കേൾക്കാതെ വീണ്ടും ദുഷ്:പ്രവൃത്തി തുടരുകയാണെങ്കിൽ ഈ ഉപയോക്താവിനെ ഏതെങ്കിലും അഡ്മിന്മാർ വീണ്ടും തിരുത്തുകൾ നടത്തുന്നതിൽ നിന്നും തടയുന്നു.,Malayalam
പലപ്പോഴും പുതിയ ഉപയോക്താക്കൾ തങ്ങൾക്ക് തിരുത്തലുകൾ വരുത്താൻ പറ്റുമോ എന്ന് പരീക്ഷിച്ചുനോക്കാൻ താളുകളിൽ അർത്ഥമില്ലാത്ത തിരുത്തലുകൾ നടത്തി നോക്കാറുണ്ട്.,Malayalam
ഇത് വാൻഡലിസം അല്ല.,Malayalam
മറ്റ് വിക്കിപീഡിയർ സാധാരണയായി ഇത്തരം തിരുത്തലുകളോട് സഹിഷ്ണുക്കൾ ആണ്.,Malayalam
വിക്കിപീഡിയയിൽ ഉപയോക്താക്കൾക്ക് ലോഗിൻ ചെയ്ത് തിരുത്തലുകൾ നടത്താൻ സൗകര്യമുണ്ട്.,Malayalam
"കൂടുതലും വാൻഡലിസം
വരുന്നത് ലോഗിൻ ചെയ്യാത്ത ഉപയോക്താക്കളിൽ നിന്നാണ് (അജ്ഞാത ഉപയോക്താക്കൾ എന്ന് ഇവരെ വിളിക്കുന്നു).",Malayalam
വാൻഡലിസം തടയുവാനായി അജ്ഞാത ഉപയോക്താക്കൾക്ക് വിക്കിപീഡിയയിൽ ചിത്രങ്ങൾ ചേർക്കാനോ പുതിയ ലേഖനങ്ങൾ തുടങ്ങുവാനോ ഉള്ള അനുമതി ഇല്ല[അവലംബം ആവശ്യമാണ്].,Malayalam
എന്നാൽ ഇവർക്ക് ഉള്ള ലേഖനങ്ങളിൽ തിരുത്തലുകൾ നടത്തുവാനും ലേഖനങ്ങൾ മെച്ചപ്പെടുത്തുവാനും സാധിക്കും.,Malayalam
പല ഉപയോക്താക്കളും ലോഗിൻ ചെയ്യാതെ തിരുത്തലുകൾ നടത്തുവാൻ ഇഷ്ടപ്പെടുന്നു.,Malayalam
വിക്കിപീഡിയ ഇവരെ തടയുന്നില്ല.,Malayalam
വിക്കിപീഡിയയിൽ പ്രശ്നങ്ങളൊന്നും ഇല്ലെന്നല്ല.,Malayalam
ചിലപ്പോഴെല്ലാം ചില സാമൂഹ്യവിരുദ്ധർ സത്യവിരുദ്ധമായ വസ്തുതകളും സ്വകാര്യലാഭത്തിനു വേണ്ടി പരസ്യപ്രചരണമോ ചില താളുകളിൽ കൂട്ടിച്ചേർത്തെന്നുവരും.,Malayalam
എന്നാലും ആ താളുകൾ‍ ശ്രദ്ധിക്കുന്നവർ അവയെല്ലാം പെട്ടെന്നുതന്നെ മാച്ചു കളയുന്നു.,Malayalam
ഇംഗ്ലീഷ് വിക്കിപീഡിയ ഇത്തരം പ്രശ്നങ്ങളിൽ നിന്നു പൂർവ്വസ്ഥിതിയിലെത്തുവാൻ എത്ര സമയം എടുക്കുന്നു എന്നറിയുവാൻ വിക്കിമീഡിയ ഓർഗനൈസേഷൻ ഒരു ടെസ്റ്റു നടത്തി.,Malayalam
അഞ്ചുമിനിറ്റിനുള്ളിൽ അനാശാസ്യമായ എഡിറ്റുകളെല്ലാം പൂർവ്വസ്ഥിതിയിലായി.,Malayalam
ഒരു വലിയ സന്നദ്ധസമൂഹം ഇതിനു പിന്നിലുണ്ടെങ്കിലേ ഇതൊക്കെ സാധ്യമാ‍വുകയുള്ളൂ.,Malayalam
എന്നാൽ അതൊട്ട്‌ അപ്രാപ്യമല്ല താനും.,Malayalam
ഇംഗ്ലീഷ് വിക്കിപീഡിയ കാണിച്ചു തരുന്നതതാണ്.,Malayalam
പണ്ഡിതനും പാമരനും സംഭാവന ചെയ്യാനും രണ്ടു പേർക്കും ഒരേ പരിഗണനയും കിട്ടുന്ന ഒരു സംവിധാനം ആണ് വിക്കിപീഡിയയിൽ.,Malayalam
ഓണത്തെപ്പറ്റി പത്തുവാചകം എഴുതാൻപോരുന്നവരാ‍യാൽ വിക്കിയിലേക്കും എന്തെങ്കിലും ഒക്കെ സംഭാവന ചെയ്യാം.,Malayalam
സ്കൂൾ കുട്ടികൾ മുതൽ ശാസ്ത്രജ്ഞന്മാർ വരെ വിക്കിപീഡിയയിൽ എഴുതുന്നുണ്ട്.,Malayalam
വിക്കിഎഴുതുന്നതെല്ലാം പെർഫക്റ്റാവണം എന്ന വാശി ആർക്കും വേണ്ട; പുറകേ വരുന്നവർ തിരുത്തിക്കോളും അല്ലെങ്കിൽ കൂട്ടിച്ചേർത്തോളും എന്ന അവബോധം വിക്കിയിൽ എഴുതുന്ന സാധാരണ ഉപയോക്താക്കൾക്ക് വലിയൊരാത്മവിശ്വാസം നൽകുന്നുണ്ട്‌.,Malayalam
ഒരു പ്രൈമറി സ്ക്കൂൾ ടീച്ചർ അവരുടെ സ്കൂളിനെ പറ്റിയെഴുതുന്നു; പ്രൈമറി വിദ്യാ‍ഭ്യാസത്തിന്റെ വിവിധഘട്ടങ്ങളെ പറ്റിയെഴുതുന്നു.,Malayalam
ഒരു ബാങ്ക്‌ ജീവനക്കാരൻ ബാങ്കിങ് മേഖലയെ കുറിച്ചും സ്വന്തം ബാങ്കിന്റെ ചരിത്രവും; ഒരു ഡിഗ്രിവിദ്യാർത്ഥി അവൻ പഠിക്കുന്ന വിഷയത്തിലെ ചില വാക്കുകൾ എന്താണെന്ന്‌ നിർവ്വചിക്കുന്നു.,Malayalam
പാർട്ടിപ്രവർത്തകൻ നേതാക്കന്മാരുടെ ജീവിതരേഖ കുറിക്കുന്നു.,Malayalam
"ഒരു
വീട്ടമ്മ അന്നുകണ്ട സിനിമ ആരുണ്ടാക്കി, അഭിനയിക്കുന്നവരാരെല്ലാം എന്നെഴുതുന്നു.",Malayalam
ഒരു കർഷകൻ കൃഷിയെപറ്റിയുള്ള അനേകം നാട്ടറിവുകൾ പങ്കുവയ്ക്കുന്നു... അങ്ങനെ അങ്ങനെ അനേകം ചെറുതുള്ളികൾ ചേർന്നൊരു പെരുമഴയാവുകയാണ്.,Malayalam
"2001 , ജനുവരി 15-നു ഇംഗ്ലീഷിലാണ് ആദ്യ വിക്കിപീഡിയ തുടങ്ങുന്നത്.",Malayalam
2001 മാർച്ച് 16നു ആരംഭിച്ച ജർമ്മൻ ഭാഷയിലുള്ള വിക്കിപീഡിയയാണ് രണ്ടാമത്തെ വിക്കിപീഡിയ.,Malayalam
"തുടർന്നുള്ള മാസങ്ങളിൽ ഫ്രഞ്ച്, ചൈനീസ്, ഡച്ച്, ഹീബ്രു, ഇറ്റാലിയൻ, റഷ്യൻ തുടങ്ങിയ ഭാഷകളിൽ വിക്കിപീഡിയ ആരംഭിച്ചു.",Malayalam
വർഷം ഒന്നു കഴിഞ്ഞ് 2002 പകുതി ആയിട്ടും ഒരു ഇന്ത്യൻ ഭാഷയിൽ പോലും വിക്കി ആരംഭിക്കാനുള്ള ശ്രമങ്ങൾ‍ ഉണ്ടായില്ല.,Malayalam
"ഈ വഴിക്കുള്ള ആദ്യത്തെ ശ്രമം ഉണ്ടായത് 2002 ജൂൺ മാസത്തിൽ പഞ്ചാബി, അസ്സാമീസ്, ഒറിയ ഭാഷകളിൽ ഉള്ള വിക്കിപീഡിയ ആരംഭിച്ചപ്പോഴാണ്.",Malayalam
പക്ഷേ ഇന്ത്യൻ ഭാ‍ഷകളിലെ ആദ്യത്തെ വിക്കിപീഡിയകളായ ഇവ മൂന്നും ഇപ്പോൾ നിർജീവമാണ്.,Malayalam
ഈ മൂന്നു വിക്കിപീഡിയകളിലും ലേഖനങ്ങളുടെ എണ്ണം ഇപ്പോഴും 10000-ൽ താഴെയാണ്.,Malayalam
ഈ മൂന്നു ഭാഷകൾ കഴിഞ്ഞാൽ വേറൊരു ഇന്ത്യൻ ഭാഷയിൽ വിക്കിപീഡിയ ആരംഭിക്കുന്നത് മലയാളത്തിലാണ്.,Malayalam
"മലയാളത്തിനു ശേഷം 2003-ഫെബ്രുവരിയിൽ‍ ബീഹാറി, മെയ് 2003-നു മറാഠി, ജൂൺ 2003-നു കന്നഡ, ജൂലൈ 2003-നു ഹിന്ദി, സെപ്റ്റംബർ 2003-നു തമിഴ്, ഡിസംബർ 2003-നു തെലുഗ്, ഗുജറാത്തി, ജനുവരി 2004-നു ബംഗാളി എന്നിങ്ങനെ വിവിധ ഇന്ത്യൻ ഭാഷകളിൽ ഉള്ള വിക്കിപീഡിയകൾ ആരംഭിച്ചു.",Malayalam
വിക്കിപീഡിയ സ്ഥാപിതമായതും ക്രിയേറ്റീവ് കോമൺസ്  വെബ്സൈറ്റ് രജിസ്റ്റർ ചെയ്തതുമായ ജനുവരി 15 വിക്കിപീഡിയ ദിനമായി ആചരിക്കുന്നു.,Malayalam
വിക്കിപീഡിയ പ്രവർത്തകർ ജനുവരി 15 ന് വിക്കിപീഡിയയെ കുറിച്ച് ചർച്ച ചെയ്യുന്നു.,Malayalam
വിക്കിപീഡിയ എഡിറ്റർമാർ തങ്ങൾ കഴിഞ്ഞ വർഷം വിക്കിപീഡിയയിൽ ചെയ്ത കാര്യങ്ങളും അടുത്ത വർഷം വിക്കിപീഡിയയിൽ വിവരങ്ങൾ പങ്കിടാൻ താല്പര്യമുള്ള പുതുമുഖങ്ങൾക്ക് നല്കേണ്ട പരിശീലനങ്ങളെക്കുറിച്ചും കർമ്മ പദ്ധതികൾരൂപീകരിക്കുന്നു.,Malayalam
[14] വസ്തുതകളിലൂന്നിയുള്ള നിർമ്മാണ-പഠന വ്യവസ്ഥിതിയാണ് കൃത്രിമബുദ്ധിയുടെ ഒരു ശാഖയായ യന്ത്രപഠനം അഥവാ മെഷീൻ ലേർണിങ്(Machine Learning).,Malayalam
അമേരിക്കക്കാരനായ കമ്പ്യൂട്ടർ ഗെയിം നിർമാതാവും ആർട്ടിഫിഷ്യൽ ഇന്റലിജൻസ് വിദഗ്ദ്ധനുമായ ആർതർ സാമുവൽ ആണ് ഈ പേരിന്റെ ഉപജ്ഞാതാവ്.,Malayalam
അപ്പോൾ 1959ൽ അദ്ദേഹം  ഐ ബി എമ്മിൽ എഞ്ചിനിയർ ആയി ജോലി ചെയ്യുകയായിരുന്നു.,Malayalam
"ഇതിലൂടെ കമ്പ്യൂട്ടറുകളെ, നേരിട്ടുള്ള നിർദ്ദേശങ്ങൾ വഴിയല്ലാതെ, ഉദാഹരണങ്ങൾ മാത്രം ഉപയോഗിച്ച് പരിശീലിപ്പിക്കുകയും അത് വഴി തീരുമാനങ്ങളിലെത്താൻ പ്രാപ്തിയാക്കുകയും ചെയ്യുന്നു.",Malayalam
"ഉദാഹരണത്തിന്, ഇമെയിൽ സന്ദേശങ്ങളിൽ നിന്ന് പാഴ്‌മെയിലുകളെയും അല്ലാത്തവയെയും തിരിച്ചറിയാൻ യന്ത്രപഠന സമ്പ്രദായത്തെ പരിശീലിപ്പിക്കുകയാണെങ്കിൽ, പുതുതായി വരുന്ന മെയിൽ സന്ദേശങ്ങളെ പാഴ്‌മെയിലാണോയെന്ന് പരിശോധിച്ച് തരംതിരിക്കാൻ ഇതിലൂടെ സാധിക്കുന്നു.",Malayalam
സാമാന്യവത്കരണത്തെയും പ്രതിപാദനത്തെയും അടിസ്ഥാനമാക്കിയാണ് യന്ത്രപഠന വ്യവസ്ഥിതിയുടെ കാമ്പ് നിലനിൽക്കുന്നത്.,Malayalam
ദത്തവിവര മാതൃകാ ചിത്രീകരണവും ഈ മാതൃകകളിൽ നിന്നും വിലയിരുത്തപ്പെട്ട പ്രവൃത്തികളും എല്ലാ യന്ത്രപഠന വ്യവസ്ഥിതികളുടെയും ഭാഗമാണ്.,Malayalam
ഇതുവരെ കാണാത്ത ദത്തവിവര മാതൃകയിൽപ്പോലും നടപ്പിലാക്കാമെന്ന സവിശേഷതയാണ് സാമാന്യവത്കരണം; ഇത് സാധ്യമാക്കുന്ന അവസ്ഥകളെ കണക്കുകൂട്ടൽ പഠന സിദ്ധാന്ത ശാഖയുടെ ആണിക്കല്ലായി കണക്കാക്കാം.,Malayalam
യന്ത്രപഠനത്തെ ആസ്പദമാക്കി പ്രവർത്തിക്കുന്ന ധാരാളം മേഖലകളുണ്ട്.,Malayalam
"ഉദാഹരണമായി, ഓപ്റ്റിക്കൽ ക്യാരക്റ്റർ രെക്കഗ്നിഷൻ സാങ്കേതികവിദ്യയിൽ പ്രിന്റ് ചെയ്തിരിക്കുന്ന ചിഹ്നങ്ങളെയും അക്ഷരങ്ങളെയും മുൻ മാതൃകകളെ അടിസ്ഥാനമാക്കി യാന്ത്രികമായാണ് വായിച്ച് മനസ്സിലാക്കുന്നത്, ഇത് സാധ്യമാക്കിയത് യന്ത്രപഠനമാണ്.",Malayalam
യന്ത്രപഠനം പ്രധാനമായും മൂന്ന് തരത്തിലാണുള്ളത്.,Malayalam
മാർഗദർശിത യന്ത്രപഠനത്തിൽ മുൻപുള്ള ഉദാഹരണങ്ങളിലെ ഇൻപുട്ട് ഔട്പുട്ട് ബന്ധങ്ങൾ യന്ത്രത്തിൻറെ പരിശീലന ഘട്ടത്തിൽ ലഭ്യമായിരിക്കണം.,Malayalam
വിവരത്തെ പല വിഭാഗങ്ങളായ് വേർതിരിക്കുന്നത് ഈ തത്ത്വം പ്രയോഗിച്ചുകൊണ്ടാണ്.,Malayalam
സ്വയംചലിത യന്ത്രപഠനത്തിലാകട്ടെ ഇൻപുട്ടുകൾ മാത്രം ഉപയോഗിച്ചുകൊണ്ട് ഭാവിയിലെ ഔട്പുട്ട് മൂല്യം അല്ലെങ്കിൽ ഇൻപുട്ട് ഔട്പുട്ട് ബന്ധത്തെക്കുറിച്ച് അറിയാൻ സാധിക്കുന്നു.,Malayalam
ക്ലസ്റ്ററിംഗ് ഈ ഗണത്തിൽപ്പെടുന്നു.,Malayalam
ഒറ്റ നോട്ടത്തിൽ ഒരു ബന്ധവും തോന്നാൻ ഇടയില്ലാത്ത വിവര മാനദണ്ഡങ്ങളെ ചേർത്ത് സാമ്യതയുള്ളവയെ കൂട്ടങ്ങളായി വകതിരിക്കാൻ ക്ലസ്റ്ററിംഗിലൂടെ കഴിയും.,Malayalam
ചുവടുവപ്പ് യന്ത്രപഠനം കൃത്രിമ ബുദ്ധിയുടെ ഒരു പ്രമുഖ വശമാണ്.,Malayalam
ഓരോ ഘട്ടത്തിലും അപ്പപ്പോഴത്തെ മാനദണ്ഡങ്ങൾ വിലയിരുത്തി അടുത്ത നീക്കം ഏറ്റവും ദക്ഷതയോടെ തിരഞ്ഞെടുക്കാൻ യന്ത്രത്തെ പരിശീലിപ്പിക്കുക എന്നതാണ് ഇതിനു പിന്നിലെ തത്ത്വം.,Malayalam
"കളികൾ, ഓൺലൈൻ' പരീക്ഷകൾ, സ്വയംചലിത വാഹന നിർമ്മാണം എന്നീ മേഖലകളിൽ ചുവടുവപ്പ് യന്ത്രപഠനത്തിനു ഏറെ പ്രാധാന്യമുണ്ട്.",Malayalam
പ്രധാനമായും ആറ് ഘടകങ്ങളാണ് ഒരു യന്ത്രപഠന സങ്കേതത്തിൽ ഉണ്ടാവുക ഒരു യന്ത്രപഠന മാതൃകയെ പരിശീലിപ്പിക്കാൻ വലിയ അളവിലുള്ള വിവരം (ഡാറ്റ) ആവശ്യമാണ്.,Malayalam
വിവരം (ഡാറ്റാ) ലഭ്യമല്ലെങ്കിൽ യന്ത്രപഠനം സാധ്യമല്ല.,Malayalam
"ഇന്റർനെറ്റിലും മറ്റും ലഭ്യമായ, ദിവസേന വർദ്ധച്ചുകൊണ്ടിരിക്കുന്ന ഡാറ്റയാണ് ഒരർത്ഥത്തിൽ യന്ത്രപഠനം സാധ്യമാക്കുന്നത്.",Malayalam
ധാരാളം വിവരങ്ങൾ (ഡാറ്റ) ലഭ്യമായാൽ അതിൽ നിന്ന് എന്ത് കർത്തവ്യമാണ് നാം നിർവഹിക്കാൻ പോവുന്നത് എന്ന് മുൻകൂട്ടി തീരുമാനിക്കേണ്ടതുണ്ട്.,Malayalam
"ഉദാഹരണത്തിന് സ്താനാർബുദം ഉണ്ടോ എന്ന് പരിശോധിച്ച ആയിരം രോഗികളുടെ പ്രായം, ട്യൂമറിന്റെ വലിപ്പം അർബുദം ആയിരുന്നോ അല്ലയോ എന്നൊക്കെ ഉള്ള ഡാറ്റ ഉണ്ടെന്ന് കരുതുക.",Malayalam
"പുതിയ ഒരാളുടെ പ്രായം, ട്യൂമറിന്റെ വലിപ്പം എന്നിവ തന്നാൽ അയാൾക്ക് ക്യാൻസർ ഉണ്ടോ ഇല്ലയോ എന്ന് പ്രവചിക്കുകയാകാം ഒരു യന്ത്രപഠന കർത്തവ്യം (Machine Learning Task).",Malayalam
ഇൻപുട്ടിൽ നിന്ന് ഔട്ട്പുട്ടിലേക്കുള്ള ഒരു സങ്കീർണ്ണമായ ഗണിത സമവാക്യം കണ്ടെത്തുകയാണ് യന്ത്രപഠനം ചെയ്യുന്നത്.,Malayalam
"ഈ ഗണിത സമവാക്യത്തിന്റെ സങ്കീർണ്ണത എത്രത്തോളമാവണം, ഏത് മാതൃകയിലുള്ള ഗണിത സമവാക്യം വേണം എന്നതൊക്കെ ഇവിടെ തീരുമാനിക്കപ്പെടുന്നു.",Malayalam
ഉദാഹരണത്തിന് മാതൃ ഒരു രേഖീയസമവാക്യമായിരിക്കണോ (Linear Equation) അതോ ബഹുപദമായിരിക്കണോ (Polynomial) എന്ന് തീരുമാനിക്കപ്പെടുന്നു.,Malayalam
മാതൃക (ഗണിത സമവാക്യത്തിന്റെ മാതൃക) തീരുമാനിച്ച് കഴിഞ്ഞാൽ സമവാക്യത്തിലെ ഗുണാങ്കങ്ങൾ (Parameters) കണ്ടുപിടിക്കലാണ് അടുത്തത്.,Malayalam
"ഗുണാങ്കങ്ങൾക്ക് ആകസ്‌മിക (Random) വിലകൾ നൽകി, വിലകൾക്ക് ചെറിയ മാറ്റങ്ങൾ വരുത്തി പഠനത്തിന് ലഭ്യമായ വിവരങ്ങളലൂടെ കൂടതൽ മെച്ചപ്പെട്ട ഗൂണാങ്കങ്ങളിൽ എത്തിച്ചേരുകയാണ് വേണ്ടത്.",Malayalam
ഇത് സാധിക്കണമെങ്കിൽ നമുക്ക് എത്തിച്ചേരേണ്ട ഉത്തരവും നിലവിൽ പ്രവചിക്കുന്ന ഉത്തരവും തമ്മിലുള്ള അന്തരം നിർവചിക്കണം.,Malayalam
ഈ നിർവചനത്തെയാണ് നഷ്ടം (Loss) എന്ന് വിളിക്കുന്നത്.,Malayalam
"വർഗ്ഗ ശരാശരി നഷ്ടം ( Mean Squared Error), ക്രോസ്സ് എൻട്രോപ്പി ലോസ്സ് (Cross Entropy Loss) എന്നിവയാണ് പൊതുവായി ഉപയോഗിക്കുന്നത്.",Malayalam
ലഭ്യമായ വിവരങ്ങളിലൂടെ ഗണിത സമവാക്യത്തിലെ ഗുണാങ്കങ്ങളുടെ പറ്റുന്നതിൽ ഏറ്റവും മെച്ചപ്പെട്ട വിലകൾ കണ്ടെത്തുന്ന ഘട്ടമാണിത്.,Malayalam
നഷ്ടം (Loss) പരമാവധി കുറഞ്ഞ ഗുണാങ്ക വിലകൾ വേണം കണ്ടെത്താൻ.,Malayalam
ഇതി വിവിധ ഒപ്റ്റിമൈസേഷൻ അൽഗോരിതങ്ങൾ ഉപയോഗിക്കുന്നു.,Malayalam
ഗ്രോഡിയന്റേ ഡിസന്റ് എന്ന അൽഗോരിതം ആണ് വ്യാപകമായി ഇപയോഗിക്കുന്നത്.,Malayalam
പഠനത്തിലൂടെ കണ്ടെത്തിയ യന്ത്രപഠന മാതൃകയുടെ കൃത്യതയെ ഒരു പരിശോധനാ വിവരങ്ങൾ(Test Data Set) വെച്ച് വിലയിരുത്തുന്നു.,Malayalam
"വർഗ്ഗ ശരാശരി നഷ്ടം ( Mean Squared Error), ആക്യുറസി (Accuracy Score) എന്നീ മാനദണ്ഡങ്ങളുപയോഗിച്ചാണ് വിലയിരുത്തൽ നടത്തുന്നത്.",Malayalam
".നാമെല്ലാവരും ഇംഗ്ലീഷിൽ കൂടുതൽ പ്രാവീണ്യമുള്ളവരാകാനുള്ള ദ്രുത വഴികൾ തേടുകയാണ്, എനിക്കറിയാം എന്താണ് സംഭവിക്കുന്നതെന്ന് ഞങ്ങളുടെ തലച്ചോറിനെ ചുറ്റിപ്പറ്റിയുള്ള കുറച്ച് വാക്കുകൾ മാത്രമേ ഉള്ളൂവെന്നും ഈ അത്ഭുതകരമായ രസകരമായ അല്ലെങ്കിൽ ഇതിഹാസം ഉപയോഗിച്ച് ഈ മുഴുവൻ സംഭാഷണവും നടത്തേണ്ടതുണ്ടെന്നും അതിനാൽ ഞങ്ങൾ എങ്ങനെ നിങ്ങളുടെ ദൈനംദിന ജീവിതത്തിൽ ഉപയോഗിക്കാൻ കഴിയുന്ന ചില മികച്ച പുതിയ ഇംഗ്ലീഷ് വാക്കുകൾ മനസിലാക്കുകയും മിനിറ്റുകൾക്കുള്ളിൽ നിങ്ങളുടെ പദാവലി ഉയർത്തുകയും ചെയ്യുക.",Malayalam
"അതിനാൽ ഇന്ന് ഞങ്ങൾ 10 പുതിയ സ്മാർട്ട് പദങ്ങൾ അവയുടെ അർത്ഥങ്ങൾ റൂട്ട് വാക്കുകളും ഉദാഹരണ വാക്യങ്ങളും പഠിക്കാൻ പോകുന്നു, അതിനാൽ നമുക്ക് പോകാം എല്ലാവരേയും ഹേയ് ഇതാണ്, നിങ്ങൾ കാണുന്നു.",Malayalam
ഈ വീഡിയോയിൽ ഞാൻ നിങ്ങൾക്ക് ദൈനംദിന ഉപയോഗത്തിനും ഈ വീഡിയോയുടെ അവസാനത്തിലും 10 മികച്ച വാക്കുകൾ നൽകും.,Malayalam
ശരിക്കും നിഷ്പ്രയാസം സ്മാർട്ട് വേഡ് നമ്പർ നൽകുന്നതിന് ഞാൻ നിങ്ങൾക്ക് ഒരു മികച്ച ടിപ്പ് നൽകും.,Malayalam
ഒന്ന് ചതുപ്പുനിലമാണ് ചതുപ്പുനിലം എന്നാണ് മുങ്ങുക അല്ലെങ്കിൽ വെള്ളപ്പൊക്കം എന്നാൽ ചതുപ്പുനിലം പലപ്പോഴും ഞാൻ പോലുള്ള ജോലിയുടെ പശ്ചാത്തലത്തിൽ ഉപയോഗിക്കുന്നു.,Malayalam
"m ജോലിയിൽ ചതുപ്പുനിലമാണ് എനിക്ക് വളരെയധികം ജോലിയുണ്ട്, ഈ ആഴ്ച മുഴുവൻ എനിക്ക് ജോലിയിൽ ചതുപ്പുനിലമായിട്ടുണ്ട്, എനിക്ക് ശ്വസിക്കാൻ സമയമില്ല, ഇപ്പോൾ ഈ വാക്കിന്റെ മൂലം നോക്കാം.",Malayalam
"ചതുപ്പ് ഒരു തണ്ണീർത്തടമാണ്, ആരെങ്കിലും ചതുപ്പുനിലത്ത് തെറ്റായ സ്ഥലത്ത് കാലെടുത്തുവച്ചാൽ അവർക്ക് എളുപ്പത്തിൽ മുങ്ങാം, ചതുപ്പിന്റെ ക്രിയാപദം അർത്ഥമാക്കുന്നത് മുങ്ങുക എന്നതാണ്, അതിനാൽ നിങ്ങൾക്ക് ഈ പദം എങ്ങനെ ഉപയോഗിക്കാം.",Malayalam
നിങ്ങൾക്ക് ധാരാളം അസൈൻമെന്റുകൾ ഉണ്ടെന്നും നിങ്ങൾക്ക് ഒരു പരീക്ഷണം വരുന്നുണ്ടെന്നും നിങ്ങളുടെ സുഹൃത്തുക്കൾ നിങ്ങളുടെ അടുത്തേക്ക് വരുമെന്നും അവർ പറയുന്നു.,Malayalam
"ഹേയ് എന്തുകൊണ്ടാണ് നിങ്ങൾ ഞങ്ങളുമായി ഹാംഗ് out ട്ട് ചെയ്യാത്തത് എന്ന് നിങ്ങൾക്ക് അവരോട് പറയാൻ കഴിയും എനിക്ക് ക്ഷമിക്കണം, പക്ഷേ ഞാൻ ജോലിയിൽ മുഴുകിയിരിക്കുന്നു അല്ലെങ്കിൽ ചതുപ്പുനിലത്തിന് പകരം നിങ്ങൾക്ക് ഉപയോഗിക്കാവുന്ന മറ്റ് ചില വാക്കുകൾ ഞാൻ ചതുപ്പുനിലമാക്കി.",Malayalam
ചെയ്യാൻ.,Malayalam
എന്റെ പ്ലേറ്റിൽ വളരെയധികം കാര്യങ്ങൾ ഞാൻ ജോലിയിൽ മുങ്ങുന്നു.,Malayalam
"അസൈൻമെന്റുകളിൽ ഞാൻ വ്യാമോഹിതനാണ് സ്മാർട്ട് വേഡ് നമ്പർ രണ്ട് ക്യാച്ച് -22 ആണ്, ഇപ്പോൾ എനിക്ക് ഉറപ്പുണ്ട് ' ക്യാച്ച് -22 ന് മുമ്പ് ഈ വാക്ക് ഞങ്ങൾ കേട്ടിട്ടുണ്ട്, നിങ്ങൾ അസാധ്യമായ ഒരു സാഹചര്യത്തെ അർത്ഥമാക്കുന്നു, അതിൽ നിങ്ങൾ മറ്റൊന്ന് ചെയ്തിട്ടില്ലെങ്കിൽ നിങ്ങൾക്ക് മറ്റൊന്ന് ചെയ്യാൻ കഴിയില്ല, കാരണം നിങ്ങൾ ആദ്യത്തേത് ചെയ്തിട്ടില്ല.",Malayalam
"ഞാൻ നിങ്ങളെ ആശയക്കുഴപ്പത്തിലാക്കി, അതിനാൽ നിങ്ങൾക്ക് പ്രവൃത്തി പരിചയം ഇല്ലാതെ ജോലി ലഭിക്കാത്ത സാഹചര്യമാണ് ഒരു ക്യാച്ച് -22 സാഹചര്യം.",Malayalam
രണ്ടാം ലോക മഹായുദ്ധസമയത്ത് സൈനികർക്ക് ബാധകമായ ചില പരസ്പരവിരുദ്ധമായ നിയമങ്ങൾ വിവരിക്കുമ്പോൾ ജോസഫ് ഹെല്ലർ തന്റെ പ്രസിദ്ധമായ ക്യാച്ച് -22 എന്ന തന്റെ പ്രസിദ്ധമായ പുസ്തകത്തിൽ ക്യാച്ച് -22 സൃഷ്ടിച്ചു.,Malayalam
ക്യാച്ച് -22 ന്റെ മറ്റൊരു ഉദാഹരണം നിങ്ങൾക്ക് ആവശ്യത്തിന് ഇല്ലാത്തതിനാൽ നിങ്ങൾക്ക് ബാങ്ക് വായ്പ ആവശ്യമാണ്.,Malayalam
"പണം എന്നാൽ നിങ്ങൾക്ക് മതിയായ പണമുണ്ടെന്ന് ബാങ്കിനോട് തെളിയിച്ചില്ലെങ്കിൽ നിങ്ങൾക്ക് ആ ബാങ്ക് വായ്പ ലഭിക്കില്ല, അതിനാൽ അടുത്ത തവണ നിങ്ങൾ ഒരു വിഷമകരമായ അവസ്ഥയിൽ കുടുങ്ങുമ്പോൾ ഓർക്കുക.",Malayalam
ക്യാച്ച് -22 എന്ന പദം ഉപയോഗിക്കാൻ.,Malayalam
ക്യാച്ച് -22 ന്റെ സ്ഥാനത്ത് നിങ്ങൾക്ക് ഉപയോഗിക്കാൻ കഴിയുന്ന മറ്റ് വാക്കുകൾ വിരോധാഭാസം അല്ലെങ്കിൽ ധർമ്മസങ്കടമുള്ള സ്മാർട്ട് പദമാണ്.,Malayalam
മൂന്നാം നമ്പർ സുവേ സ്യൂവ് സ്യൂവ് എന്നാൽ മര്യാദയുള്ള തണുത്തവരായിരിക്കാൻ അത്യാധുനികമാണ്.,Malayalam
"നന്നായി പെരുമാറിയ സ്വേവ് എന്ന വാക്കിന് വ്യത്യസ്ത ഉറവിടങ്ങളുണ്ട്, എന്നാൽ ഈ വാക്കിന്റെ വളരെ രസകരമായ ഒരു ഉത്ഭവം മനോഹരമായ അല്ലെങ്കിൽ മധുരമുള്ള രുചിയുടെ ഉദാഹരണമാണ്.",Malayalam
"അവൻ വളരെ സന്നദ്ധനാണ്, പ്രത്യേകിച്ച് സ്ത്രീകൾക്ക് മുന്നിൽ അല്ലെങ്കിൽ ബരാക് ഒബാമ വളരെ ആകർഷകവും മിനുസമുള്ളതുമാണ്, നിങ്ങൾ അടുത്ത തവണ ഒരു പാർട്ടിയിൽ പങ്കെടുക്കുമ്പോൾ ഇപ്പോൾ ഓർക്കുക, അങ്ങനെയുള്ള ഈ വ്യക്തിയെ നിങ്ങൾ കാണുന്നു.",Malayalam
നല്ല പെരുമാറ്റവും സംസ്കാരവും സങ്കീർണ്ണവും.,Malayalam
"ഹേയ് എന്ന് പറയാൻ മറക്കരുത്, ഈ വാക്ക് ഉപയോഗിച്ച് മൂലയിൽത്തന്നെ ആ സുന്ദരൻ ആരാണ് നിങ്ങളുടെ പദാവലി തൽക്ഷണം സൃഷ്ടിക്കും.",Malayalam
വളരെ അങ്ങനെ സ്മാർട്ട് വാക്ക് നമ്പർ നാല് ഒന്നുമില്ല വചനം ക്രോധ ഗുരുതരമായ ആണ് ഗുരുതരമായ മാർഗങ്ങൾ എന്തെങ്കിലും വളരെ മോശമായ ദുസ്വപ്നം കഠിനമായ ക്രൂരവും ഭയാനകമായ കുറ്റകരമായ ഗുരുതരമായ ഒരു ലാറ്റിൻ റൂട്ട് ജ്ഞാനമല്ല മാർഗങ്ങൾ ക്രൂരതയും അതിഭീകരരായ വചനം ഗുരുതരമായ ചില ഉദാഹരണങ്ങൾ ഡൽഹിയിൽ സമീപകാല മാനഭംഗക്കേസുകളിൽ ചെയ്യുന്നു ക്രോധ സൂക്ഷ്മത വിളിച്ചു അല്ലെങ്കിൽ തടവുകാരെ പരിഗണിക്കുന്നു.,Malayalam
"ക്രൂരമായ രീതിയിൽ ചിലപ്പോൾ ജയിലുകളിൽ ക്രൂരമായ ചില ദൈനംദിന തെറ്റുകൾ ചെയ്യുന്നതിനെക്കുറിച്ച് സംസാരിക്കാൻ ദൈനംദിന ജീവിതത്തിൽ ഉപയോഗിക്കുന്നു, നിങ്ങൾ അത് പെരുപ്പിച്ചു കാണിക്കാൻ ആഗ്രഹിക്കുന്നു.",Malayalam
ഉദാഹരണത്തിന് അവന്റെ മേശ മര്യാദ ക്രൂരമായിരുന്നു അല്ലെങ്കിൽ അവളുടെ വസ്ത്രധാരണരീതി വളരെ ക്രൂരമാണ് അല്ലെങ്കിൽ അവന്റെ വ്യാകരണം ക്രൂരമാണ്.,Malayalam
അതിനാൽ അടുത്ത തവണ വാർത്തയിൽ ഭയാനകമായ ഒരു പ്രവൃത്തിയെക്കുറിച്ച് കേൾക്കുമ്പോൾ ഓർമ്മിക്കുക.,Malayalam
"ഇത് ഒരു ക്രൂരമായ പ്രവൃത്തിയാണെന്ന് പറയുകയും പറയുകയും ചെയ്യുക സ്മാർട്ട് വേഡ് നമ്പർ 5 വിഡ്, ിത്തമാണ്, വിഡ്, ിത്തമാണ്, അതിശയകരമായത്, അതിശയകരമായ ആശ്ചര്യപ്പെടുത്തുന്നതാണ്.",Malayalam
"ഇപ്പോൾ ഞങ്ങൾ പലപ്പോഴും ആകർഷണീയമായ പദം ഇവിടെ ഉപയോഗിക്കുന്നു ' ഉദാഹരണമായി ആകർഷണീയമായ സ്റ്റം‌പൻ‌ഡസിനുപകരം നിങ്ങൾ‌ക്ക് ഉപയോഗിക്കാൻ‌ കഴിയുന്ന മറ്റൊരു വാക്ക് ഇന്ന്‌ എന്റെ ടെസ്റ്റിൽ‌ ഒരു മികച്ച സ്കോർ‌ ലഭിച്ചു, അതിനർത്ഥം എനിക്ക് വളരെ ഉയർന്ന സ്കോർ‌ ലഭിച്ചു അല്ലെങ്കിൽ‌.",Malayalam
"എനിക്ക് തികഞ്ഞ ഒരു സ്കോർ ലഭിച്ചു, അതിശക്തമായ പദത്തിന് ക്ലാസിക്കൽ ലാറ്റിൻ വേരുകളുണ്ട്.",Malayalam
"സ്തംഭിച്ചുപോകുന്നത് അതിശയകരമാംവിധം നല്ലത് എന്താണെന്ന് വിവരിക്കാൻ ഉപയോഗിക്കുന്നു, ഉദാഹരണത്തിന് അവൾ ആ വസ്ത്രധാരണത്തിൽ അതിശയകരമായി തോന്നുന്നു അല്ലെങ്കിൽ ഈ ബാൽക്കണിയിൽ നിന്നുള്ള അതിശയകരമായ കാഴ്ച അല്ലെങ്കിൽ ഞാൻ ഈ അതിശയകരമായ പുസ്തകം വായിക്കുന്നു, നിങ്ങൾ എങ്ങനെ പോകുന്നുവെന്നത് കുറിക്കാൻ എനിക്ക് കഴിയില്ല.",Malayalam
പറയുക.,Malayalam
"വിദ്യാർത്ഥികൾക്കായുള്ള ഈ അതിശയകരമായ ചാനലായ നിങ്ങളുടെ ചങ്ങാതിമാരും അതിശയകരമായ ചിലതിന് പകരം നിങ്ങൾക്ക് ഉപയോഗിക്കാൻ കഴിയുന്ന മറ്റ് ചില വാക്കുകളും അവിശ്വസനീയമാംവിധം അതിശയകരമാണ് അല്ലെങ്കിൽ അസാധാരണമായി നല്ലതാണ്, അതിനാൽ ഈ വീഡിയോയിലെ സമതുലിതമായ അഞ്ച് വാക്കുകൾ തുടരുന്നതിന് മുമ്പ് ഈ വീഡിയോയ്ക്ക് കീഴിൽ ഒരു അഭിപ്രായം ഇടാൻ ഓർമ്മിക്കുക.",Malayalam
"ഈ പത്ത് വാക്കുകളിൽ ഏതാണ് നിങ്ങളുടെ പ്രിയപ്പെട്ട സ്മാർട്ട് വേഡ് നമ്പർ ആറ് എന്നത് ഒരു പരിഹാരത്തിലാണ് എന്ന് അർത്ഥമാക്കുന്നതിന് ഒരു പ്രശ്‌നകരമായ അവസ്ഥയിലായിരിക്കുക എന്നതിനർത്ഥം ഉദാഹരണത്തിന് ആൺകുട്ടി ഞാൻ ഒരു പരിഹാരത്തിലാണ്, കാരണം ഇതിനായി രണ്ട് വ്യത്യസ്ത ചങ്ങാതിമാരുമായി ഞാൻ പദ്ധതികൾ തയ്യാറാക്കിയിട്ടുണ്ട് വൈകുന്നേരം.",Malayalam
"എനിക്ക് എന്റെ ഫോൺ നഷ്‌ടപ്പെട്ടു, ഞാൻ ഒരു പരിഹാരത്തിലാണ് അല്ലെങ്കിൽ ഇന്ന് രാവിലെ ഞങ്ങളുടെ ബസ് തകർന്നു, ഞാൻ ഒരു പരിഹാരത്തിലാണ്, എന്റെ സുഹൃത്ത് ഒരു പരിഹാരത്തിലായിരിക്കുമ്പോൾ എല്ലായ്പ്പോഴും സഹായത്തിനായി എന്റെ അടുത്തേക്ക് തിരിയുന്നു, പോകുന്നത് നല്ലതാണെങ്കിൽ അവൻ മറക്കുന്നു.",Malayalam
"ഞാൻ അതിനാൽ അടുത്ത തവണ നിങ്ങൾക്ക് സ്കൂളിൽ നിന്ന് കണക്ക് ഗൃഹപാഠം ലഭിക്കുമ്പോൾ നിങ്ങൾ നിങ്ങളുടെ ഗണിത പുസ്തകം സ്കൂളിൽ ഉപേക്ഷിച്ചിട്ടുണ്ടെങ്കിൽ, നിങ്ങൾ ഒരു യഥാർത്ഥ പരിഹാരത്തിലാണെന്ന് നിങ്ങളുടെ സുഹൃത്തുക്കളോട് പറയാൻ കഴിയും, ഇപ്പോൾ വേഡ് ഫിക്സ് എന്നതിന് എന്തെങ്കിലും ചെയ്യാമെന്ന് നിങ്ങൾ ചിന്തിച്ചേക്കാം എന്തെങ്കിലും നന്നാക്കുന്നതിലൂടെ.",Malayalam
എന്നാൽ ഒരു പരിഹാരത്തിലും പ്രശ്‌നകരമായ ഒരു സാഹചര്യത്തിലായിരിക്കുക എന്നല്ല അർത്ഥമാക്കുന്നത് ഒരു പരിഹാരത്തിനുപകരം നിങ്ങൾക്ക് ഉപയോഗിക്കാൻ കഴിയുന്ന മറ്റ് വാക്കുകൾ ഞാൻ ഒരു സൂപ്പിലോ അല്ലെങ്കിൽ ഞാൻ ഞാൻ ഒരു കുഴപ്പത്തിലാണ് അല്ലെങ്കിൽ ഞാൻ ശല്യപ്പെടുത്തുന്ന സ്ഥലത്താണ് അല്ലെങ്കിൽ ഞാൻ ഒരു സ്ഥലത്താണ് സ്മാർട്ട് പദം നമ്പർ 7 എന്നത് ഫ്ലമ്മോക്സ് ഫ്ലമ്മോക്സ് എന്നാൽ ആരെയെങ്കിലും ആശയക്കുഴപ്പത്തിലാക്കുക എന്നതാണ്.,Malayalam
"ഇപ്പോൾ എന്തുചെയ്യണമെന്ന് അവർ മറന്നതിനാൽ ആശയക്കുഴപ്പത്തിലാകുന്നത് അമിതമായി ഉപയോഗിച്ച ഒരു പദമാണ്, അതിനുപകരം നിങ്ങൾ ഫ്ലംമോക്സ് ഉപയോഗിക്കാത്തതെന്താണ്, ഉദാഹരണത്തിന് ആൺകുട്ടി പൂർണ്ണമായും നോക്കി .സുഹൃത്ത് ടീച്ചർ ക്ലാസ്സിൽ ഒരു ചോദ്യം ചോദിച്ചപ്പോൾ അല്ലെങ്കിൽ നായ ഫ്ലമ്മോക്സ് നോക്കുമ്പോൾ കണ്ണാടിയിലോ ടൂറിസ്റ്റിലോ ഉള്ള സ്വന്തം പ്രതിബിംബത്തിൽ വ്യത്യസ്ത ആചാരങ്ങളാൽ ഫ്ലംമോക്സ് ചെയ്യപ്പെട്ടു.",Malayalam
"അവന്റെ യാത്രയ്ക്കിടയിലോ ഒരു അഭിമുഖത്തിലോ അവൻ നിങ്ങളെ എന്തിനാണ് നിയമിക്കുന്നത് എന്ന് ചോദിച്ചപ്പോൾ അവൾ പൂർണ്ണമായും ഫ്ലംമോക്സായി കാണപ്പെട്ടു, അതിനാൽ അടുത്ത തവണ ഒരു പരീക്ഷയിൽ എന്തെങ്കിലും ചോദ്യങ്ങളിൽ ആശയക്കുഴപ്പമുണ്ടായാൽ നിങ്ങൾ.",Malayalam
എല്ലായ്പ്പോഴും അങ്ങനെ പറയാൻ കഴിയും കാരണം ഞാൻ ഇല്ലായിരുന്നു ടി പരീക്ഷ വളരെ നന്നായി ഒരുക്കിയ ഞാൻ ചില ചോദ്യങ്ങൾക്ക് പകരം ഒര്മയുല്ലപ്പം എന്ന ഉപയോഗിക്കാം മറ്റ് വാക്കുകൾ അന്ധാളിച്ച് ചെയ്യപ്പെടുന്നു ഒര്മയുല്ലപ്പം വിതരണം അമ്പരന്നു സ്മാർട്ട് വചനം നമ്പർ എട്ട് റോന്ദേവൂ റോന്ദേവൂ റോന്ദേവൂ ആണ്.,Malayalam
"മീറ്റിംഗ് അല്ലെങ്കിൽ തീയതി എന്ന് പറയാനുള്ള വളരെ ഫ്രഞ്ച് മാർഗമാണ്, ഉദാഹരണത്തിന് ശനിയാഴ്ച ഉച്ചഭക്ഷണത്തിന് എന്റെ സുഹൃത്തുക്കളുമായി എനിക്ക് കൂടിക്കാഴ്‌ചയുണ്ട് അല്ലെങ്കിൽ സിനിമകൾക്കായി മാളിൽ എന്റെ സുഹൃത്തുക്കളുമായി കൂടിക്കാഴ്‌ച നടത്താൻ ഞാൻ പദ്ധതിയിടുന്നു റെൻഡെജൂസ് ഒരു നാമപദമായി അല്ലെങ്കിൽ ക്രിയയായി ഉപയോഗിക്കാം ഉദാഹരണത്തിന്.",Malayalam
ഇന്ന് വൈകുന്നേരം എനിക്ക് എന്റെ ചങ്ങാതിമാരുമായി ഒരു കൂടിക്കാഴ്‌ചയുണ്ട് അല്ലെങ്കിൽ ഞാൻ നാളെ എന്റെ സുഹൃത്തുക്കളുമായി കൂടിക്കാഴ്ചയ്ക്ക് പോകുന്നു.,Malayalam
സൈനികർക്കായി ഒരു കൂടിക്കാഴ്‌ച സ്ഥലം സൂചിപ്പിക്കുന്നതിന് നേരത്തെ റെൻഡെജൂസ് സൈന്യം ഉപയോഗിച്ചിരുന്നു.,Malayalam
"ഇപ്പോൾ റെൻഡെജൂസ് എന്ന വാക്കിനെക്കുറിച്ച് അൽപ്പം ആവേശകരവും രഹസ്യവുമായ ചിലത് ഉണ്ട്, അതിനാൽ ഏത് മീറ്റിംഗിനും നിങ്ങൾക്ക് റെൻഡെജൂസ് ഉപയോഗിക്കാം.",Malayalam
"പൊതുവേ പക്ഷേ അത് വിജയിച്ചു ' ഒരു meeting ദ്യോഗിക മീറ്റിംഗിന് ഇത് വളരെ ഉചിതമല്ല, അതിനാൽ നിങ്ങൾക്ക് ഒരു തീയതി ഉണ്ടെങ്കിൽ തീർച്ചയായും ഒരു റെൻഡെജൂസ് സ്മാർട്ട് വേഡ് നമ്പർ 9 ഒബ്ട്യൂസ് ഒബ്ട്യൂസ് ഒബ്ട്യൂസ് എന്ന് നിങ്ങൾ വിളിക്കാം, നിങ്ങൾ ആരെയെങ്കിലും ഓർമയോ ബുദ്ധിശൂന്യമോ എന്ന് വിളിക്കാൻ ശ്രമിക്കുമ്പോൾ നിങ്ങൾ ഇത് ഉപയോഗിക്കും.",Malayalam
"അല്ലെങ്കിൽ മങ്ങിയ വിവേകം ഇപ്പോൾ നിങ്ങൾ ജ്യാമിതി ഒബ്‌ട്യൂസ് ആംഗിൾ, അക്യൂട്ട് ആംഗിൾ എന്നിവയിൽ ഒബ്‌ട്യൂസ് എന്ന വാക്ക് കേട്ടിട്ടുണ്ട്, അതിനാൽ ഒരു ഒബ്‌ട്യൂസ് ആംഗിൾ 90 ഡിഗ്രിയിൽ കൂടുതലുള്ളതും എന്നാൽ 180 ഡിഗ്രിയിൽ താഴെയുമാണ്.",Malayalam
"അക്യൂട്ട് ആംഗിൾ 90 ഡിഗ്രിയിൽ കുറവുള്ള ഈ മൂർച്ചയുള്ള കോണാണ്, അതിനാൽ ഒരു വാക്ക് മൂർച്ചയെ സൂചിപ്പിക്കാൻ ഉപയോഗിക്കുന്നു, അതിനാൽ മാനസികമായി മൂർച്ചയുള്ളതും വൃത്തികെട്ടതും മൂർച്ചയുള്ളവയെ സൂചിപ്പിക്കുന്നു .അതിനാൽ മനസ്സിൽ അൽപ്പം മന്ദഗതിയിലാകുന്നു, അതിനാൽ ഉദാഹരണത്തിൽ വാചകം മനുഷ്യനാണ് തന്റെ പാസ്‌വേഡ് ഒരു വ്യാജ കോളർ‌ അല്ലെങ്കിൽ‌ വൃത്തികെട്ട കുട്ടിക്ക് നൽകി.",Malayalam
കഴിഞ്ഞില്ല.,Malayalam
"ടെസ്റ്റിലെ ഒരൊറ്റ ചോദ്യത്തിന് ഉത്തരം നൽകാൻ അല്ലെങ്കിൽ വൃദ്ധനായ മനുഷ്യന് ഇപ്പോൾ അടിസ്ഥാന നിർദ്ദേശങ്ങൾ പോലും മനസിലാക്കാൻ ബുദ്ധിമുട്ടായിരുന്നു, ദൈനംദിന ജീവിതത്തിലെ നിങ്ങളുടെ അവസ്ഥയിൽ നിങ്ങളുടെ കാമുകനോ കാമുകിയോ നിങ്ങളോട് ദേഷ്യപ്പെടുന്നു, എന്തുകൊണ്ടെന്ന് നിങ്ങൾക്കറിയില്ല.",Malayalam
"അവരോട് പറയുക, ഞാൻ നിസ്സാരനായിരിക്കാം, പക്ഷെ നിങ്ങൾ എന്തിനാണ് അസ്വസ്ഥനാകുന്നത് എന്ന് എനിക്കറിയില്ല സ്മാർട്ട് വേഡ് നമ്പർ 10 മന്ദഗതിയിലുള്ള മന്ദഗതിയിലുള്ള മന്ദഗതിയിലുള്ള മാർഗ്ഗമാണ്, വേഗത കുറഞ്ഞ രീതിയിൽ വേഗത കുറഞ്ഞ രീതിയിൽ നീങ്ങുക.",Malayalam
പതിവിലും അല്പം ക്ഷീണവും കുറവുമുള്ളതായി കാണാൻ.,Malayalam
example ർജ്ജ ഉദാഹരണത്തിൽ ഒരു കനത്ത ഉച്ചഭക്ഷണം എന്നെ ഉച്ചകഴിഞ്ഞ് മന്ദഗതിയിലാക്കുന്നു എന്ന വാക്കിന്റെ വേരുകൾ മന്ദഗതിയിലുള്ള വ്യക്തിയാണെന്നും സ്ലഗ് ഒരു ഒച്ചയുടെ ഉദാഹരണങ്ങൾ പോലെ വളരെ സാവധാനത്തിൽ സഞ്ചരിക്കുന്ന ഒരു മൃഗമാണെന്നും അർത്ഥമാക്കുന്നു.,Malayalam
ഈ വർഷം സമ്പദ്‌വ്യവസ്ഥ വളരെ മന്ദഗതിയിലായിരുന്നു അല്ലെങ്കിൽ മന്ദഗതിയിലുള്ള തുടക്കത്തിനുശേഷം മത്സരം ആരംഭിച്ചു.,Malayalam
"അല്ലെങ്കിൽ ഈ പാദത്തിൽ ബിസിനസ്സ് മന്ദഗതിയിലാണ്, നിങ്ങൾക്ക് ഒരു ദിവസം വളരെ ക്ഷീണം തോന്നുന്നുവെങ്കിൽ നിങ്ങളുടെ ദൈനംദിന ജീവിതത്തിൽ ഇത് ഉപയോഗിക്കാൻ കഴിയും, നിങ്ങൾക്ക് ഒരു ദിവസം നിങ്ങളുടെ അമ്മയോട് പറയാൻ കഴിയും അല്ലെങ്കിൽ നിങ്ങൾക്ക് പറയാൻ കഴിയും.",Malayalam
നിങ്ങളുടെ ചങ്ങാതിമാർ‌ക്ക് എനിക്ക് മന്ദത തോന്നുന്നു.,Malayalam
"ഇന്ന് എനിക്ക് എനർജി ഡ്രിങ്ക് ഉപയോഗിച്ച് ചെയ്യാൻ കഴിയും, മന്ദഗതിയിലുള്ള സ്ഥലത്ത് നിങ്ങൾക്ക് ഉപയോഗിക്കാൻ കഴിയുന്ന മറ്റ് വാക്കുകൾ അലസമോ എന്റെ കാലുകൾ വലിച്ചിടുന്നതോ ആകാം, അതിനാൽ അവ 10 മികച്ച വാക്കുകളും അതിനുമുമ്പും ആയിരുന്നു.",Malayalam
വളരെ നിഷ്പ്രയാസം തോന്നുന്നതിനുള്ള രഹസ്യ ടിപ്പ് ഞാൻ നിങ്ങൾക്ക് നൽകുന്നു.,Malayalam
ഞാൻ നിങ്ങളെ ഓർമ്മിപ്പിക്കാൻ ആഗ്രഹിക്കുന്നു.,Malayalam
നിങ്ങൾ ഒരു ടെലിഫോൺ കോളിൽ ഉപയോഗിക്കാൻ മികച്ച വാക്കുകൾ തിരയുന്നുവെങ്കിൽ ഞാൻ ഒരു വീഡിയോയിലേക്ക് ഒരു ലിങ്ക് ഇടുന്നു.,Malayalam
"അതിനായി വിവരണ ബോക്സിൽ താഴേയ്‌ക്ക്, ഇപ്പോൾ രഹസ്യമായി നുറുങ്ങ് നിഷ്കളങ്കമായി തോന്നുന്നതിനുള്ള രഹസ്യ ടിപ്പ് എനിക്ക് ചിലപ്പോൾ അറിയാവുന്ന ഒന്നിൽ കൂടുതൽ സ്മാർട്ട് പദങ്ങളോ വാക്യങ്ങളോ ഉപയോഗിക്കരുത്.",Malayalam
കാരണം ഞങ്ങൾ വളരെ ആവേശത്തിലാണ്.,Malayalam
"ഞങ്ങൾ ' ഈ സ്മാർട്ട് പദങ്ങൾ‌ ഞങ്ങൾ‌ വളരെയധികം പഠിച്ചു, കൂടാതെ അവയിൽ‌ രണ്ടെണ്ണം നാല് സ്വാഭാവികമായും തോന്നാത്ത ഒരു വാക്യത്തിൽ‌ ഞങ്ങൾ‌ സ്റ്റഫ് ചെയ്യുന്നു.",Malayalam
അതിനാൽ നിങ്ങൾ ഉച്ചരിക്കുകയാണെന്ന് ഒരു സമയം ഉറപ്പാക്കുക.,Malayalam
"ശരിയായ രീതിയിൽ പദം ഗൂഗിളിലേക്ക് പോയി പദം ടൈപ്പുചെയ്യുക, മുകളിൽ തിരയലിൽ നിങ്ങൾ ഒരു ചെറിയ സ്പീക്കർ ഐക്കൺ ആ സ്പീക്കറിൽ ക്ലിക്കുചെയ്യുന്നത് കാണും.",Malayalam
ഒന്നോ രണ്ടോ തവണ ഉച്ചാരണം കേൾക്കുക.,Malayalam
"നിങ്ങൾ പോകാൻ തയ്യാറാണ്, നിങ്ങൾക്ക് ഈ വീഡിയോ ഇഷ്‌ടപ്പെട്ടെങ്കിൽ ഞങ്ങൾക്ക് ഒരു അഭിപ്രായമിടാൻ മറക്കരുത്.",Malayalam
ഈ 10 വാക്കുകളിൽ ഏതാണ് നിങ്ങളുടെ പ്രിയങ്കരമെന്നും ഒപ്പം എന്നോട് പറയുന്നതും.,Malayalam
നിങ്ങൾ ഇതിനകം തന്നെ സബ്‌സ്‌ക്രൈബ് ബട്ടണും അതിനടുത്തുള്ള ബെൽ ഐക്കണും അമർത്തി കാണുന്നില്ലെങ്കിൽ.,Malayalam
ഹായ് സഞ്ചി ഈ വീഡിയോയിൽ എന്റെ ചാനലിലേക്ക് സ്വാഗതം.,Malayalam
നിങ്ങളുടെ ദൈനംദിന ജീവിതത്തിൽ ഉപയോഗിക്കാൻ കഴിയുന്ന മികച്ച 50 ഇംഗ്ലീഷ് ശൈലികൾ ഞാൻ നിങ്ങൾക്ക് നൽകും.,Malayalam
അതിനാൽ നിങ്ങൾ യാത്ര ആരംഭിക്കാൻ പോകുകയാണെങ്കിൽ.,Malayalam
"ഒരു ഇംഗ്ലീഷ് സംസാരിക്കുന്ന രാജ്യത്തേക്ക്, നിങ്ങൾക്ക് ഇത് പൂർണ്ണമായും ഉപയോഗിക്കാൻ കഴിയും.",Malayalam
"നിങ്ങൾ‌ കുറച്ചുകാലമായി ഇംഗ്ലീഷ് പഠിക്കുന്നുണ്ടെങ്കിൽ‌, നിങ്ങൾ‌ പഠനം പുനരാരംഭിക്കാൻ‌ താൽ‌പ്പര്യപ്പെടുന്നെങ്കിൽ‌ വാക്യങ്ങൾ‌.",Malayalam
"ആരംഭിക്കുന്നതിനുള്ള ഏറ്റവും മികച്ച വീഡിയോ ഇതാണ്, അതിനാൽ 10 മിനിറ്റിനുള്ളിൽ ഇംഗ്ലീഷിൽ 50 ശൈലികൾ പോകാം.",Malayalam
വാക്യം ഒന്നാം നമ്പർ ഇത് ചോദിക്കാനുള്ള മറ്റൊരു മാർഗമാണ്.,Malayalam
സുഖമാണോ?,Malayalam
എങ്ങനെ പോകുന്നു?,Malayalam
എങ്ങനെ പോകുന്നു?.,Malayalam
"അതിനാൽ നിങ്ങൾ ആരെയെങ്കിലും കണ്ടുമുട്ടുന്നു, അത് എങ്ങനെ പോകുന്നു?",Malayalam
"വാക്യം നമ്പർ രണ്ട് നിങ്ങൾ‌ ആരെയെങ്കിലും കുറച്ചുകാലമായി കാണാത്തപ്പോൾ‌ നിങ്ങൾ‌ അവനോട്‌ ദീർഘനേരം കാണുന്നില്ലെന്ന്‌ അർ‌ത്ഥമാക്കുന്നു, അതിനർ‌ത്ഥം നിങ്ങൾ‌ ഈ വ്യക്തിയെ ആഴ്ചകളോ മാസങ്ങളോ കണ്ടിട്ടില്ലെന്നാണ് ഇതിനർത്ഥം.",Malayalam
മൂന്ന് നിങ്ങൾ എന്താണ് ചെയ്യുന്നതെന്ന് നിങ്ങളോട് ചോദിക്കണമെങ്കിൽ.,Malayalam
നിങ്ങളുടെ ജീവിതത്തിൽ എന്താണ് സംഭവിക്കുന്നതെന്ന് നിങ്ങൾ ചോദിക്കുന്നു.,Malayalam
എല്ലാം പോകുന്നുവെങ്കിൽ നിങ്ങൾ മുമ്പ് അവരെ വളർത്താൻ എന്താണ് ചെയ്തത്?,Malayalam
നിങ്ങൾക്ക് ശരിക്കും മറുപടി നൽകാൻ കഴിയും എല്ലാം ശരിക്കും രസകരമാണ്.,Malayalam
"അടുത്ത വാചകം പരാതിപ്പെടാൻ കഴിയില്ല ആരെങ്കിലും നിങ്ങളോട് എന്തെങ്കിലും പറയുന്നു, നിങ്ങൾക്ക് ഒരു പുതിയ ജോലി ഉണ്ടെന്ന് അവർ എങ്ങനെയെങ്കിലും ess ഹിക്കുന്നതുപോലെ നിങ്ങൾ അത് സംഭാഷണത്തിൽ ശരിക്കും പരാമർശിച്ചിട്ടില്ല, നിങ്ങൾ അവനോട് ചോദിക്കുക.",Malayalam
നിങ്ങള്ക്ക് എങ്ങനെ അറിയാം?.,Malayalam
നിങ്ങൾ എങ്ങനെയിരിക്കും എന്നതുപോലുള്ള വാർത്ത എവിടെ നിന്ന് ലഭിച്ചു.,Malayalam
ആരെങ്കിലും രസകരമായ ഒരു തമാശ പറഞ്ഞാൽ അത് നല്ലതാണെന്ന് നിങ്ങൾക്ക് പറയാൻ കഴിയും.,Malayalam
"അതൊരു വലിയ തമാശയാണ്, അതിനാൽ ഈ വാചകം നല്ലതാണ്.",Malayalam
"നിങ്ങൾ‌ക്ക് ആരോടെങ്കിലും നന്ദി പറയാൻ‌ താൽ‌പ്പര്യമുണ്ടെങ്കിൽ‌ നിങ്ങൾ‌ക്ക് ഇത് വളരെ ദയനീയമാണെന്ന് പറയാൻ‌ കഴിയും, അത് നിങ്ങൾ‌ക്ക് വളരെ നന്ദിയുണ്ട്, അത് നിങ്ങളോട് വളരെ ദയാലുവാണ്.",Malayalam
"നിങ്ങളെ സഹായിക്കാൻ ശ്രമിക്കുകയായിരുന്നു, പക്ഷേ നിങ്ങൾക്ക് പറയാൻ കഴിയുന്ന ഫലത്തിലെത്താൻ കഴിഞ്ഞില്ല.",Malayalam
"എന്തായാലും നന്ദി, അത് പ്രശ്നമല്ല, എന്തായാലും നന്ദി.",Malayalam
നിങ്ങളുടെ പ്രയത്നത്തിന് നന്ദി.,Malayalam
"എന്തായാലും നന്ദി, ഞാൻ ഒരു വ്യക്തിയോട് ആവശ്യപ്പെടാത്തപ്പോൾ ചിലപ്പോൾ എന്റെ ഇമെയിലിൽ ഉപയോഗിക്കുന്ന മറ്റൊരു വാക്യം.",Malayalam
"ഞാൻ ചോദിക്കുന്നു, അവസാനം ഞാൻ പറയുന്നു.",Malayalam
"മുൻ‌കൂട്ടി നന്ദി, അതിനർത്ഥം നിങ്ങൾ പോകുമെന്ന് ഞാൻ ശരിക്കും പ്രതീക്ഷിക്കുന്നു എന്നാണ്.",Malayalam
മുൻ‌കൂട്ടി നന്ദി പറഞ്ഞുകൊണ്ട് ഇത് ചെയ്യുക.,Malayalam
"ആരെങ്കിലും തെറ്റ് ചെയ്തിട്ടുണ്ടെങ്കിൽ മുൻകൂട്ടി നന്ദി, അവൻ അതിൽ അസ്വസ്ഥനാണ്.",Malayalam
നിങ്ങൾക്ക് വിഷമിക്കേണ്ട എന്ന് പറയാൻ കഴിയും.,Malayalam
"വിഷമിക്കേണ്ട, അതിനെക്കുറിച്ച് വിഷമിക്കേണ്ടതില്ല.",Malayalam
അതു കൊള്ളാം.,Malayalam
നിങ്ങൾ വീട്ടിലെത്തിയതായും നിങ്ങളുടെ എല്ലാ സുഹൃത്തുക്കളും നിങ്ങളുടെ കട്ടിലിൽ ഇരിക്കുന്നതായും ആശങ്കകളൊന്നുമില്ല.,Malayalam
നിങ്ങൾ ഇവിടെ എന്താണ് ചെയ്യുന്നത് എന്നതുപോലെയാണ് നിങ്ങൾ ഇവിടെ നടക്കുന്നത്.,Malayalam
നിങ്ങൾ‌ക്ക് എന്തെങ്കിലും പിടിച്ചില്ലെങ്കിൽ‌ അല്ലെങ്കിൽ‌ നിങ്ങൾ‌ക്ക് എല്ലായ്‌പ്പോഴും ചോദിക്കാൻ‌ കഴിയുന്ന വ്യക്തിയെ മനസ്സിലായില്ലെങ്കിൽ‌ ഞാൻ‌ നിങ്ങളെ ശരിയാക്കിയിട്ടുണ്ടോ?,Malayalam
എന്നിട്ട് മുന്നോട്ട് പോയി നിങ്ങൾക്ക് എവിടെ നിന്ന് കിട്ടി എന്ന് വിശദീകരിക്കുക ഞാൻ നിങ്ങളെ ശരിയാക്കി?,Malayalam
കരയരുതെന്ന് വിഷമിക്കേണ്ട എന്ന് നിങ്ങൾ ആരോടെങ്കിലും ചോദിച്ചാൽ അത് മനസിലാക്കരുത് എന്ന് പറയാം.,Malayalam
"ഗൗരവമായി കാണരുത് പോലെ വിഷമിക്കേണ്ട, അത് ഹൃദയത്തിലേക്ക് എടുക്കരുത്.",Malayalam
"ഒരു വാക്യത്തിന്റെ ഒരു ഭാഗം നിങ്ങൾക്ക് പിടിച്ചില്ലേ എന്ന് ചോദിക്കാനുള്ള മറ്റൊരു മാർഗ്ഗം, അവസാന വാക്ക് ഞാൻ പിടിച്ചില്ലെന്ന് നിങ്ങൾക്ക് പറയാൻ കഴിയും.",Malayalam
എന്നോട് ക്ഷമിക്കൂ.,Malayalam
ആരെങ്കിലും ഇത് മുഴുവൻ ആവർത്തിക്കണമെന്ന് ഞാൻ ആഗ്രഹിക്കുന്നുവെങ്കിൽ അവസാന വാക്ക് ഞാൻ പിടിക്കാത്തതിനാൽ നിങ്ങൾക്ക് ഇത് ആവർത്തിക്കാമോ?,Malayalam
നിങ്ങൾക്ക് ക്ഷമിക്കണം എന്ന് പറയാൻ കഴിയും.,Malayalam
നിങ്ങൾ തിരക്കിലായിരുന്നതിനാൽ ഞാൻ ശ്രദ്ധിച്ചില്ല.,Malayalam
"ഒരുപക്ഷേ നിങ്ങൾ ഫോണിൽ സംസാരിച്ചിരിക്കാം, ആരോ നിങ്ങളോട് സംസാരിക്കുന്നുണ്ടാകാം, നിങ്ങൾ അങ്ങനെയായിരിക്കും.",Malayalam
ഓ എന്റെ ദൈവമേ.,Malayalam
"ക്ഷമിക്കണം, ഞാൻ ശ്രദ്ധിച്ചില്ല.",Malayalam
നിങ്ങൾക്ക് ഇത് ആവർത്തിക്കാമോ?,Malayalam
എന്നോട് ക്ഷമിക്കൂ.,Malayalam
ഞാൻ എല്ലായ്പ്പോഴും ഉപയോഗിക്കുന്ന മറ്റൊരു വാചകം ഞാൻ കേൾക്കുന്നില്ല.,Malayalam
നിങ്ങളുടെ കോഫി എന്നിലുടനീളം ഉപേക്ഷിച്ചാൽ വിഷമിക്കേണ്ടതില്ല എന്നത് പ്രശ്നമല്ല.,Malayalam
ഇത് പ്രശ്നമല്ലെന്ന് തോന്നുന്നു.,Malayalam
എനിക്ക് സുഖമായിരിക്കും.,Malayalam
ഞാൻ ' ഞാൻ എന്തായാലും അലക്കു പോകാൻ പോകുന്നു.,Malayalam
നിങ്ങൾക്ക് ആർക്കെങ്കിലും ഭാഗ്യം ലഭിക്കണമെങ്കിൽ പ്രശ്‌നമില്ല.,Malayalam
വിരലുകൾ മറികടന്നുവെന്നും നിങ്ങൾ വിരലുകൾ മുറിച്ചുകടക്കുമെന്നും പറയാൻ ഞാൻ എപ്പോഴും ചെയ്യുന്നു.,Malayalam
വിരലുകൾ മറികടന്നു.,Malayalam
"അമേരിക്കക്കാർ ഉപയോഗിക്കുന്ന മറ്റൊരു വാചകം ഓ മോശമാണ്, അത് വിശദീകരിക്കുന്നു.",Malayalam
"നിങ്ങൾക്ക് എന്തെങ്കിലും ലഭിച്ചില്ല, തുടർന്ന് നിങ്ങൾക്ക് ഒരു അധിക ഇഫക്റ്റ് ലഭിക്കുന്നു, നിങ്ങൾക്കത് ലഭിക്കുന്നു എന്നതാണ് സാഹചര്യം.",Malayalam
"നിങ്ങൾ ഓയെപ്പോലെയാണ്, അത് വിശദീകരിക്കുന്ന അത് വിശദീകരിക്കുന്നു.",Malayalam
"അസ്വസ്ഥനാകരുതെന്ന് ആ വ്യക്തിയോട് പറയാനുള്ള മറ്റൊരു മാർഗ്ഗം, കാര്യങ്ങൾ ശരിയാണെന്ന് തോന്നുന്നതുപോലെ സംഭവിക്കാം.",Malayalam
നിങ്ങൾ അവനോട് സംസാരിക്കാൻ ആഗ്രഹിക്കുന്ന ഒരു വ്യക്തിയുടെ പേര് ഇല്ലെങ്കിൽ കാര്യങ്ങൾ അസ്വസ്ഥമാകരുത്.,Malayalam
നിങ്ങളെ കണ്ടതിൽ വിഷമമുണ്ടെന്ന് ക്ഷമിക്കണം.,Malayalam
"ആരുടെയെങ്കിലും തിരക്കിലാണ്, നിങ്ങളെ ശല്യപ്പെടുത്തുന്നതിൽ നിങ്ങൾക്ക് എല്ലായ്പ്പോഴും ക്ഷമ ചോദിക്കാം, തുടർന്ന് നിങ്ങൾക്ക് മുന്നോട്ട് പോയി ചോദിക്കാം.",Malayalam
നിങ്ങളെ ശല്യപ്പെടുത്തുന്നതിൽ ഖേദിക്കുന്നു.,Malayalam
"നിങ്ങൾ ആരുടെയെങ്കിലും കാര്യത്തിനിടയിലാണെങ്കിൽ ' നിങ്ങൾക്ക് എന്തെങ്കിലും പറയാൻ കഴിയും, ഓ.",Malayalam
"നിങ്ങൾ എന്തെങ്കിലും നടുവിലാണ്, ആരെങ്കിലും നിങ്ങളോട് എന്തെങ്കിലും ചെയ്യാൻ ആവശ്യപ്പെടുന്നു, ക്ഷമിക്കണം.",Malayalam
"ഒരു മിനിറ്റിനുള്ളിൽ ഞാൻ നിങ്ങളോടൊപ്പമുണ്ടാകും, ഞാൻ നിങ്ങളോടൊപ്പമുണ്ടാകും, തുടർന്ന് നിങ്ങൾ എന്തെങ്കിലും ചെയ്യുന്നത് പുനരാരംഭിക്കുകയും ഞങ്ങൾ എവിടെയായിരുന്നുവെന്ന് നിങ്ങൾ പറയുകയും ചെയ്യും.",Malayalam
"ഞങ്ങൾ എവിടെയായിരുന്നു എന്ന് ഞങ്ങൾ എപ്പോൾ നിർത്തിയെന്നത് പോലെ നിങ്ങൾ അത് ആവർത്തിക്കണം, കാരണം ഇത് ചില ആളുകൾ തെറ്റിദ്ധരിക്കുന്ന ശബ്ദമാണ്.",Malayalam
അതിനാൽ നിങ്ങൾ ഒരു സംഭാഷണത്തിനിടയിലാണെങ്കിൽ ഞങ്ങൾ വീണ്ടും എവിടെയായിരുന്നുവെന്ന് പരിശീലിക്കാനുള്ള മികച്ച മാർഗമാണിത്.,Malayalam
"മറ്റേയാൾ എന്താണ് പറയുന്നതെന്ന് നിങ്ങൾക്ക് മനസ്സിലായില്ല, നിങ്ങൾ പറയുന്നതായും ഒരു ചോദ്യചിഹ്നത്തിലൂടെയും നിങ്ങൾക്ക് പറയാൻ കഴിയും.",Malayalam
ഇതിനർത്ഥം വ്യക്തിയെ വീണ്ടും ആവർത്തിക്കാൻ പ്രേരിപ്പിക്കുന്നതെന്താണ്?,Malayalam
നിങ്ങൾ പറയുകയായിരുന്നു.,Malayalam
നിങ്ങൾക്ക് ഭാഗ്യമെന്ന് പറയാൻ കഴിയുന്ന എന്തെങ്കിലുമൊക്കെ അവന്റെ സ്വപ്നങ്ങളിൽ ആരെങ്കിലും ജോലി നേടിയിട്ടുണ്ടെങ്കിൽ അല്ലെങ്കിൽ നിങ്ങൾ ഭാഗ്യവാൻ പോലുള്ള അവരുടെ സ്വപ്നങ്ങളുടെ സർവ്വകലാശാലയിൽ പ്രവേശിച്ചുവെങ്കിൽ ഇത് നിങ്ങളെ ഭാഗ്യവാനായ വ്യക്തിയെ അഭിനന്ദിക്കുന്നതിനുള്ള ഒരു മാർഗമാണ് അല്ലെങ്കിൽ അവൻ ഭാഗ്യവാനാണെന്ന് izing ന്നിപ്പറയുന്നത് പോലെ നിങ്ങൾക്ക് പറയാൻ മറ്റൊരു വഴി നിങ്ങൾ ശരിക്കും ദേഷ്യപ്പെടുന്നുവെന്നത് ഞാൻ വളരെ ദേഷ്യപ്പെട്ടതുപോലെയാണെന്ന് ഞാൻ പറഞ്ഞു .ഇത് പുറത്താക്കിയത് വളരെ ദേഷ്യമാണ്.,Malayalam
"ഓ, ഇത് മിക്കവാറും ഭ്രാന്തൻ പോലെയാണ്.",Malayalam
"നേറ്റീവ് സ്പീക്കറുകൾ ഉപയോഗിക്കുന്ന നിങ്ങൾക്ക് നല്ലതാണെന്ന മറ്റൊരു വാചകം ഞാൻ വിശദീകരിച്ചു, എനിക്ക് സ്ഥാനക്കയറ്റം ലഭിച്ചുവെന്ന് നിങ്ങൾ പറയുമ്പോൾ ഇത് പോസിറ്റീവും നെഗറ്റീവും ആകാം, അവർ നിങ്ങൾക്ക് നല്ലത് പറഞ്ഞാൽ അഭിനന്ദനങ്ങൾ ഇഷ്ടപ്പെടുകയും ചിലപ്പോൾ ഞാൻ ഈ സ്ഥലം വിടുകയാണെന്ന് നിങ്ങൾ പറയുകയും ചെയ്യുന്നു.",Malayalam
"അവർ നിങ്ങൾക്ക് നല്ലതുപോലെയാണ്, ഇത് നിങ്ങൾ ഇല്ലാതെ തന്നെ മികച്ചതായിരിക്കും, ഇത് ഒരു നെഗറ്റീവ് അർത്ഥമാണ്, അതിനാൽ ശരിക്കും ശബ്‌ദം ശ്രദ്ധിക്കുക.",Malayalam
"നിങ്ങളെ ആശ്ചര്യപ്പെടുത്തുന്ന എന്തെങ്കിലും ഉണ്ടെങ്കിൽ, ഓ എന്റെ ദൈവത്തെപ്പോലെ നിങ്ങൾ എന്നെ കളിയാക്കണം എന്നും പറയാം.",Malayalam
"എനിക്ക് വിശ്വസിക്കാൻ കഴിയില്ല, ആരോടെങ്കിലും പുഞ്ചിരിക്കാനും സന്തോഷമായിരിക്കാനും നിങ്ങൾ എന്നെ കളിയാക്കണം, നിങ്ങൾക്ക് എല്ലായ്പ്പോഴും ഉത്സാഹം പറയാം.",Malayalam
"സംഭവിക്കാത്ത ഒരു കാര്യത്തെക്കുറിച്ച് ആരെങ്കിലും കരയുകയും പരാതിപ്പെടുകയും ചെയ്യുന്നതായി തോന്നണമെങ്കിൽ നിങ്ങൾക്ക് വരാം, എനിക്ക് അത് ചെയ്യാൻ കഴിയും?",Malayalam
വരിക.,Malayalam
"നിങ്ങൾക്ക് ഇത് ചെയ്യാൻ കഴിയും, നിങ്ങൾക്ക് ടോഫൽ കടന്നുപോകാൻ കഴിയും, അത് നിങ്ങൾക്ക് ലഭിക്കുന്ന gmat കടന്നുപോകാം.",Malayalam
"ആരെങ്കിലും നന്നായി പ്രവർത്തിക്കുന്നുണ്ടെങ്കിൽ നിങ്ങൾക്ക് അത് ചെയ്യാൻ കഴിയും, നല്ല ജോലി തുടരാൻ നിങ്ങൾക്ക് അവരോട് പറയാൻ കഴിയും, നിങ്ങളെപ്പോലെ നല്ലവരായിരിക്കുക, നല്ല പ്രവർത്തനം തുടരുക എന്നിങ്ങനെ മറ്റൊരു വാചകം സംസാരിക്കുന്നത് സംഭാഷണമാണ്, ഇതാണ് അമേരിക്കക്കാർ പറയുക.",Malayalam
"അത് കത്തിക്കുന്നു, അതിനർത്ഥം കാലിഫോർണിയയിൽ നിരവധി അമേരിക്കക്കാർ പറഞ്ഞത് അതിശയകരമാണ്.",Malayalam
"ഓ അത് കത്തിക്കാം, നിങ്ങൾ ഇത് പാട്ടുകളിൽ കേട്ടിരിക്കാം. '",Malayalam
"പരാജയങ്ങൾക്ക് ശേഷം ആരെങ്കിലും വിജയിച്ചാൽ അത് കത്തിക്കാം, അതിനാൽ നിങ്ങൾക്ക് അവിടെ പോകാമെന്ന് ഞാൻ നിങ്ങളോട് പറഞ്ഞിട്ടുണ്ട്, നിങ്ങൾ അത് അവിടെ ഉണ്ടാക്കുമെന്ന് ഞാൻ നിങ്ങളോട് പറഞ്ഞു, നിങ്ങൾ ക്ഷീണിതനാണോ എന്ന് ആരെങ്കിലും നിങ്ങളോട് ചോദിച്ചാൽ നിങ്ങൾ തളർന്നില്ലെന്ന് പറയാൻ ആഗ്രഹിക്കുന്നു കുറച്ചുകൂടി പറയാൻ കഴിയില്ല.",Malayalam
"തുടരാൻ ഞാൻ ആഗ്രഹിക്കുന്നു, ആരെങ്കിലും നിങ്ങളോട് ചോദിക്കുമ്പോൾ എനിക്ക് അതിൽ മടുപ്പില്ല, നിങ്ങൾക്ക് ഉറപ്പാണോ, അതിന് ഇടമില്ലെന്ന് നിങ്ങൾക്ക് പറയാനാകുമോ?",Malayalam
"നിങ്ങൾക്ക് ആരെയെങ്കിലും എസ്എംഎസ് ചെയ്യാനോ ടെക്സ്റ്റ് ടെക്സ്റ്റ് എന്ന് പറയുന്ന ഒരു സന്ദേശം അയയ്ക്കാനോ ആഗ്രഹിക്കുന്നുവെങ്കിൽ അമേരിക്കയിൽ സംശയത്തിന് ഇടമില്ല, അതിനാൽ ഞാൻ നിങ്ങൾക്ക് ടെക്സ്റ്റ് ചെയ്യും, ഞാൻ വാട്ട്സ്ആപ്പ് അല്ലെങ്കിൽ ടെലിഗ്രാം അല്ലെങ്കിൽ മെസഞ്ചർ വഴി ഒരു സന്ദേശം അയയ്ക്കും ആരെയെങ്കിലും വിഷമിപ്പിക്കരുതെന്ന് പറയാൻ അവരെ വീണ്ടും ആശ്വസിപ്പിക്കാൻ നിങ്ങൾക്ക് ടെക്സ്റ്റ് ചെയ്യുക, നിങ്ങൾ എന്തിനാണ് കരയുന്നത് എന്നതുപോലെയല്ല ഇത് വിലമതിക്കാനാവാത്തത് എന്ന് പറയാൻ കഴിയും.",Malayalam
ഇത് വിലമതിക്കുന്നില്ല.,Malayalam
നിങ്ങൾ അതിനെക്കുറിച്ച് കരയുന്ന പ്രശ്നത്തേക്കാൾ വളരെ മികച്ചതാണ് നിങ്ങൾ ' നിങ്ങളുടെ കണ്ണുനീരിന് വിലയില്ല.,Malayalam
"ഇത് വിലമതിക്കുന്നില്ല, നിങ്ങൾ റോക്ക് ചെയ്യുന്ന വാചകം വ്യക്തിപരമായി ഞാൻ ഇഷ്ടപ്പെടുന്നു, അതിനർത്ഥം നിങ്ങൾ അതിശയകരമാണ് എന്നാണ്.",Malayalam
ഓ എന്റെ ദൈവമേ.,Malayalam
നിങ്ങൾ റോക്ക് യു റോക്ക്?,Malayalam
"ഇല്ല, നിങ്ങൾ ഒരു അത്ഭുതകരമായ ജോലി ചെയ്തു.",Malayalam
"ആരെങ്കിലും നന്നായി പ്രവർത്തിക്കുന്നില്ലെങ്കിൽ നിങ്ങൾ കുലുങ്ങുന്നു, അവർ കൂടുതൽ കഠിനാധ്വാനം ചെയ്യണമെന്ന് നിങ്ങൾ ആഗ്രഹിക്കുന്നുവെങ്കിൽ നിങ്ങൾക്ക് ഒരു അധിക മൈൽ പോകണമെന്ന് പറയാൻ കഴിയും, അതിനർത്ഥം കഠിനാധ്വാനം പോലെ നിങ്ങൾ ഒരു അധിക മൈൽ പോകണം.",Malayalam
"നിങ്ങൾക്ക് പറയാൻ കഴിയുന്ന അതേ കാര്യം തന്നെ പറയാനുള്ള മറ്റൊരു മാർഗ്ഗം, കഠിനാധ്വാനം ചെയ്യുന്നത് പോലെ നിങ്ങളുടെ ഗെയിമിനെ മികച്ചതാക്കുക.",Malayalam
ആരെങ്കിലും കരയുകയും അത് ആവശ്യമില്ലെങ്കിൽ.,Malayalam
"അക്ഷരാർത്ഥത്തിൽ സ്വയം എടുക്കുന്നതുപോലെ സ്വയം ഒന്നിച്ച് വലിക്കുക, സ്വയം വലിച്ചിടുക, ജോലി ചെയ്യുന്നത് നിർത്തുക കരച്ചിൽ സ്വയം ഒരുമിച്ച് വലിക്കുക.",Malayalam
ഹേയ് മറ്റൊരു വാക്യം സ്വയം ശാന്തമാക്കുക.,Malayalam
ചില സമയങ്ങളിൽ ആളുകൾ അവരുടെ യാത്രയെക്കുറിച്ചോ അവർ വാങ്ങിയ ആരെയോ വിവരിക്കുന്നതിനാലാണ് നിങ്ങൾ എന്നെ വിറ്റതെന്ന് ഞാൻ സ്നേഹിക്കുന്നു.,Malayalam
"എനിക്ക് സമാനമായത് വാങ്ങാൻ താൽപ്പര്യമുണ്ടെന്ന് അവർ പറയുന്നു, നിങ്ങൾ അത് വിറ്റതായി നിങ്ങൾ അവരോട് പറഞ്ഞു നിങ്ങൾ എന്നെ വിറ്റു ഞാൻ ഇത് ശരിയായി വാങ്ങില്ല, സംഭാഷണത്തിൽ നിങ്ങൾക്ക് താൽപ്പര്യമില്ലെങ്കിൽ നിങ്ങൾ എന്നെ വിറ്റു.",Malayalam
"നിങ്ങൾ ഇരിക്കുന്നതുപോലെയാണ്, എനിക്ക് കുറച്ച് ശ്രദ്ധിക്കാനാകില്ലെന്ന് പറയാൻ കഴിയും ഇത് വളരെ വിരസമാണ്.",Malayalam
എനിക്ക് താല്പര്യമില്ല.,Malayalam
"ആരെങ്കിലും നിങ്ങളോട് എന്തെങ്കിലും ചോദിക്കുന്നുണ്ടെങ്കിൽ എനിക്ക് കുറച്ച് ശ്രദ്ധിക്കാൻ കഴിയില്ല, ഇത് എന്റെ 1 മില്ല്യൺ ഡോളർ എടുക്കാൻ ആരോ പറയുന്നതുപോലെ ഇത് നിങ്ങൾക്ക് വളരെ എളുപ്പമുള്ള തീരുമാനമാണ്, ഇത് ബുദ്ധിശൂന്യമാണെന്ന് നിങ്ങൾ പറയുന്നു.",Malayalam
ഇത് ഞാൻ എടുത്തുക്കൊള്ളാം.,Malayalam
ഇതൊരു ബുദ്ധിശൂന്യതയാണെന്നാണ് അർത്ഥമാക്കുന്നത് നിങ്ങൾ എന്തെങ്കിലും തെറ്റ് ചെയ്തിട്ടുണ്ടെങ്കിൽ അത് നിങ്ങൾക്ക് വളരെ എളുപ്പമുള്ള തീരുമാനമാണെന്നും നിങ്ങൾ സമ്മതിച്ചാൽ ഞാൻ അതെ എന്ന് പറഞ്ഞു.,Malayalam
എനിക്കറിയാം.,Malayalam
എന്നോട് ക്ഷമിക്കൂ.,Malayalam
ഞാൻ വഷളായി.,Malayalam
ഇത് എന്റെ തെറ്റാണ്.,Malayalam
എനിക്ക് പകരം ആരെങ്കിലും പ്രവർത്തിക്കണമെന്ന് നിങ്ങൾ ആഗ്രഹിക്കുന്നുവെങ്കിൽ ഞാൻ അത് വിശദീകരിച്ചു.,Malayalam
ഞാൻ എന്നെ മറയ്ക്കാൻ കഴിയുമോ?,Malayalam
ഞാൻ എന്റെ സുഹൃത്തിനെ കാണുന്നു.,Malayalam
"നിങ്ങൾ‌ക്ക് എന്നെ മറയ്‌ക്കാൻ‌ കഴിയുമോ, പോകാനുള്ള സമയമാണ്, ഞാൻ‌ പോകുന്നത് നന്നായിരിക്കും, അതിനർത്ഥം ഞാൻ‌ ഇതിനകം പോകണം എന്നാണ്.",Malayalam
ഇത് നിങ്ങൾക്കറിയാം.,Malayalam
ഇത് യഥാർത്ഥത്തിൽ 1 9 pm ആണ്.,Malayalam
ഇപ്പോൾ.,Malayalam
ഞാൻ വിട പറയാൻ മറ്റൊരു വഴി പോകുന്നതാണ് നല്ലത്.,Malayalam
"എനിക്ക് ശ്രദ്ധിക്കൂ എന്ന് പറയാം, അതിനർത്ഥം നിങ്ങളെത്തന്നെ പരിപാലിക്കുക എന്നാണ്.",Malayalam
ഞാൻ നിങ്ങളെ പിന്നീട് കാണും.,Malayalam
ശ്രദ്ധപുലർത്തുക.,Malayalam
"നിങ്ങൾ ഈ വീഡിയോ കാണുമ്പോൾ ഏത് ദിവസമാണെന്ന് എനിക്കറിയില്ല, പക്ഷേ ഇത് വാരാന്ത്യത്തിൽ വെള്ളിയാഴ്ചയാണെങ്കിൽ.",Malayalam
നന്ദി സ്വർഗ്ഗം വെള്ളിയാഴ്ചയാണെന്ന് നിങ്ങൾക്ക് പറയാം അല്ലെങ്കിൽ ശനിയാഴ്ച വാരാന്ത്യ കണ്ടെത്തൽ സ്വർഗ്ഗം പറഞ്ഞതായി കരുതുക.,Malayalam
"ഇത് വളരെ സന്തോഷവാനാണ്, ഇത് ഇംഗ്ലീഷിലെ 50 വാക്യങ്ങൾ ഈ വീഡിയോ ലൈക്ക് ചെയ്ത് നിങ്ങൾക്ക് കൂടുതൽ രസകരമായ ശൈലികൾ അറിയാമെങ്കിൽ ചുവടെ അഭിപ്രായമിടുന്നതിലൂടെ ഇത് സഹായകരമാണോ എന്ന് എന്നെ അറിയിക്കുക.",Malayalam
അത് എവിടെയെങ്കിലും ഒരു ചുവന്ന ബട്ടൺ ഉണ്ട്.,Malayalam
ഹലോ സ്വാഗതം.,Malayalam
ഈ വീഡിയോയിൽ‌ നിങ്ങൾ‌ക്ക് സംഭാഷണത്തിൽ‌ ഉപയോഗിക്കാൻ‌ കഴിയുന്ന 100 പൊതുവായതും ഉപയോഗപ്രദവുമായ 100 വാക്യങ്ങൾ‌ ഞാൻ‌ നൽ‌കും.,Malayalam
എന്റെ ശേഷം ഒരു വാക്യ പരിശീലനം പറയുന്നത് നിങ്ങൾ കേൾക്കുമ്പോൾ.,Malayalam
ഞാൻ ഉപയോഗിക്കുന്ന ശബ്ദത്തിന്റെ സ്വരം ഉൾപ്പെടെ എന്റെ ഉച്ചാരണം കൃത്യമായി പകർത്താൻ ശ്രമിക്കുക.,Malayalam
ശരി നമുക്ക് ആരംഭിക്കാം.,Malayalam
അടിസ്ഥാന ആശംസകൾ ഇത് എങ്ങനെ പോകുന്നു?,Malayalam
കാര്യങ്ങൾ എങ്ങനെ പോകുന്നു?,Malayalam
എന്തുണ്ട് വിശേഷം?,Malayalam
നിന്നെ കാണാനായതിൽ സന്തോഷം.,Malayalam
ദീർഘനാളായി കണ്ടിട്ട്.,Malayalam
നിങ്ങൾക്ക് എങ്ങനെയുണ്ട്?,Malayalam
"കൊള്ളാം, നന്ദി.",Malayalam
നിന്നെക്കുറിച്ച് എന്തുപറയുന്നു?,Malayalam
വളരെയധികമില്ല.,Malayalam
പതിവ്.,Malayalam
എനിക്ക് പോകണം.,Malayalam
നിങ്ങൾ പിന്നീട് കാണുന്ന ഒരു സന്തോഷ മീറ്റിംഗായിരുന്നു അത്.,Malayalam
സമ്പർക്കം പുലർത്തുക.,Malayalam
വിവരങ്ങൾ ചോദിക്കുന്നു.,Malayalam
ഈ വാക്കിന്റെ അർത്ഥമെന്താണെന്ന് എന്നോട് പറയാമോ?,Malayalam
ലൈബ്രറി എവിടെയാണെന്ന് നിങ്ങൾക്ക് അറിയാമോ?,Malayalam
മടിക്കുന്നു.,Malayalam
അതൊരു നല്ല ചോദ്യമാണ്.,Malayalam
ഞാൻ നോക്കട്ടെ.,Malayalam
ഞാൻ ഒരു നിമിഷം ചിന്തിക്കട്ടെ.,Malayalam
ആവർത്തനം ആവശ്യപ്പെടുന്നു.,Malayalam
എക്സ്ക്യൂസ് മീ?,Malayalam
"ക്ഷമിക്കണം, ഞാൻ അത് പിടിച്ചില്ല.",Malayalam
അത് ആവർത്തിക്കാൻ നിങ്ങൾ ആഗ്രഹിക്കുന്നുണ്ടോ?,Malayalam
"നിങ്ങൾക്ക് കുറച്ചുകൂടി പതുക്കെ സംസാരിക്കാൻ കഴിയുമോ, ദയവായി?",Malayalam
"""എനിക്കറിയില്ല"" എന്ന് പറഞ്ഞു.",Malayalam
എനിക്ക് അറിയില്ലെന്ന് ഞാൻ ഭയപ്പെടുന്നു.,Malayalam
"നിങ്ങളെ സഹായിക്കാൻ കഴിയില്ല, ക്ഷമിക്കണം.",Malayalam
എന്നെ അടിക്കുന്നു.,Malayalam
അഭിപ്രായങ്ങൾ.,Malayalam
നിങ്ങൾ അതിനെക്കുറിച്ച് എന്താണ് വിചാരിക്കുന്നത്?,Malayalam
ഇതിനെക്കുറിച്ച് നിങ്ങളുടെ കാഴ്ചപ്പാടുകൾ എന്താണ്?,Malayalam
അതൊരു നല്ല ആശയമാണെന്ന് ഞാൻ കരുതുന്നു.,Malayalam
ഇത് പ്രവർത്തിക്കുമെന്ന് ഞാൻ സത്യസന്ധമായി കരുതുന്നില്ല.,Malayalam
"എന്നെ സംബന്ധിച്ചിടത്തോളം, നഗരത്തിലെ ഏറ്റവും മികച്ച റെസ്റ്റോറന്റാണിത്.",Malayalam
ഒരു ചോദ്യം ഒഴിവാക്കുന്നു.,Malayalam
ഈ വിഷയത്തിൽ എനിക്ക് ഒരു അഭിപ്രായമില്ല.,Malayalam
ഞാൻ നിങ്ങളെ തിരികെ കൊണ്ടുവരട്ടെ.,Malayalam
എനിക്ക് പറയാൻ സ്വാതന്ത്ര്യമില്ല.,Malayalam
സമ്മതിക്കുകയും വിയോജിക്കുകയും ചെയ്യുന്നു.,Malayalam
എനിക്ക് കൂടുതൽ അംഗീകരിക്കാൻ കഴിഞ്ഞില്ല.,Malayalam
നിങ്ങൾ പറഞ്ഞത് ശരിയാണ്.,Malayalam
ഞാൻ നിങ്ങളോട് 100% യോജിക്കുന്നു.,Malayalam
നിങ്ങൾ തലയിൽ ആണി അടിച്ചു.,Malayalam
ഞാൻ സമ്മതിക്കുന്നുവെന്ന് എനിക്ക് ഉറപ്പില്ല.,Malayalam
ഞാൻ വിയോജിക്കുന്നു എന്ന് ഞാൻ ഭയപ്പെടുന്നു.,Malayalam
നിങ്ങൾ തെറ്റിദ്ധരിച്ചതായി ഞാൻ കരുതുന്നു.,Malayalam
മാന്യമായി തടസ്സപ്പെടുത്തുന്നു.,Malayalam
നിങ്ങളെ തടസ്സപ്പെടുത്തിയതിൽ ക്ഷമിക്കണം.,Malayalam
ഒരു നിമിഷം എനിക്ക് നിങ്ങളെ അവിടെ നിർത്താൻ കഴിയുമോ?,Malayalam
ഞാൻ ഇവിടെ ചാടിയാൽ നിങ്ങൾക്ക് പ്രശ്നമുണ്ടോ?,Malayalam
മുന്നോട്ടുപോകുക.,Malayalam
തീർച്ചയായും തുടരുക.,Malayalam
ഞാൻ പൂർത്തിയാക്കട്ടെ.,Malayalam
ഒരു നിമിഷം പിടിക്കുക.,Malayalam
നിർദ്ദേശങ്ങൾ.,Malayalam
ഞങ്ങൾ സിനിമകളിലേക്ക് പോകുന്നുവെന്ന് നിങ്ങൾ എന്താണ് പറയുന്നത്?,Malayalam
ഇന്ന് രാത്രി അത്താഴത്തിന് പിസ്സ കഴിക്കുന്നതിനെക്കുറിച്ച്?,Malayalam
അത് മികച്ചതായിരിക്കും.,Malayalam
എനിക്ക് നന്നായി തോന്നുന്നു.,Malayalam
എനിക്ക് അതിനെക്കുറിച്ച് ഉറപ്പില്ല.,Malayalam
"ഇല്ല, ഞാൻ അങ്ങനെ വിചാരിക്കുന്നില്ല.",Malayalam
പദ്ധതികൾ തയ്യാറാക്കികൊണ്ടിരിക്കുന്നു.,Malayalam
ഇന്ന് രാത്രി നിങ്ങൾ എന്താണ് ചെയ്യുന്നത്?,Malayalam
നാളത്തേക്ക് എന്തെങ്കിലും പദ്ധതികൾ ലഭിച്ചോ?,Malayalam
അടുത്ത ശനിയാഴ്ച നിങ്ങൾ സ്വതന്ത്രനാണോ?,Malayalam
ഈ വാരാന്ത്യത്തിൽ എന്തെങ്കിലും ചെയ്യാൻ നിങ്ങൾ ആഗ്രഹിക്കുന്നുണ്ടോ?,Malayalam
"തീർച്ചയായും, നിങ്ങളുടെ മനസ്സിൽ എന്താണ് ഉള്ളത്?",Malayalam
"എല്ലാ വാരാന്ത്യത്തിലും ഞാൻ സ്വതന്ത്രനാണ്, നമുക്ക് എന്തെങ്കിലും ചെയ്യാം.",Malayalam
"ഇല്ല, ക്ഷമിക്കണം, എനിക്ക് ഇതിനകം ചില പദ്ധതികൾ ഭ്രാന്താണ്.",Malayalam
ഞാൻ നാളെ തിരക്കിലാണ്.,Malayalam
"എനിക്ക് എന്തെങ്കിലും ചെയ്യാൻ ഇഷ്ടമാണ്, പക്ഷെ എനിക്ക് കഴിയില്ല.",Malayalam
അനുമതി.,Malayalam
ഞാൻ നിങ്ങളുടെ സെൽ ഫോൺ ഉപയോഗിച്ചാൽ നിങ്ങൾക്ക് പ്രശ്നമുണ്ടോ?,Malayalam
നാളെ ഞാൻ അവധി എടുത്താൽ കുഴപ്പമുണ്ടോ?,Malayalam
"അതെ, ദയവായി ഉറപ്പാക്കുക, മുന്നോട്ട് പോകുക.",Malayalam
ഇല്ല ഒരിക്കലും ഇല്ല.,Malayalam
"നിർഭാഗ്യവശാൽ, എനിക്ക് വേണ്ട എന്ന് പറയണം.",Malayalam
നിങ്ങൾ ആഗ്രഹിച്ചില്ല.,Malayalam
ഞാൻ ഭയപ്പെടുന്നു.,Malayalam
അഭ്യർത്ഥനകൾ നടത്തുന്നു.,Malayalam
നിങ്ങൾക്ക് എനിക്ക് ഉപ്പ് തരാമോ?,Malayalam
ദയവായി?,Malayalam
എനിക്ക് കുറച്ച് പണം കടം കൊടുക്കാൻ നിങ്ങൾ ആഗ്രഹിക്കുന്നുണ്ടോ?,Malayalam
ഇത് ചെയ്യാൻ എന്നെ സഹായിക്കാമോ എന്ന് ഞാൻ ചിന്തിക്കുകയായിരുന്നു.,Malayalam
തീര്ച്ചയായും പ്രശ്നമില്ല.,Malayalam
അതെ ഉറപ്പായിട്ടും.,Malayalam
സഹായിക്കുന്നതിൽ എനിക്ക് സന്തോഷമുണ്ട്.,Malayalam
"ക്ഷമിക്കണം, എനിക്ക് ഇപ്പോൾ കഴിയില്ല.",Malayalam
എനിക്ക് കഴിയില്ലെന്ന് ഞാൻ ഭയപ്പെടുന്നു.,Malayalam
ഓഫറുകൾ നടത്തുന്നു.,Malayalam
എനിക്ക് ഒരു ഗ്ലാസ് വെള്ളം തരാമോ?,Malayalam
ചില ഐസ്ക്രീമുകളുടെ കാര്യമോ?,Malayalam
ഞാൻ നിങ്ങൾക്ക് ഒരു വീട്ടിലേക്ക് പോകാൻ ആഗ്രഹിക്കുന്നുണ്ടോ?,Malayalam
"അതെ, ദയവായി.",Malayalam
"അത് കൊള്ളാം, നന്ദി.",Malayalam
"എനിക്ക് കുഴപ്പമില്ല, പക്ഷേ വാഗ്ദാനം ചെയ്തതിന് നന്ദി.",Malayalam
"ഇല്ല, ഞാൻ നല്ലവനാണ്, നന്ദി.",Malayalam
ആളുകൾക്ക് നന്ദി.,Malayalam
നന്ദി ഒരു ദശലക്ഷം.,Malayalam
ചിയേഴ്സ് ഞാൻ ശരിക്കും അഭിനന്ദിക്കുന്നു.,Malayalam
അത് നിങ്ങളുടെ വലിയ മനസാണ്.,Malayalam
എനിക്ക് വേണ്ടത്ര നന്ദി പറയാൻ കഴിയില്ല.,Malayalam
ഇത് ഒന്നുമല്ല.,Malayalam
അത് പരാമർശിക്കരുത്.,Malayalam
ഏതുസമയത്തും.,Malayalam
എന്റെ സന്തോഷം.,Malayalam
ആരെയെങ്കിലും കാത്തിരിക്കാൻ ആവശ്യപ്പെടുന്നു.,Malayalam
ദയവായി നിങ്ങൾക്ക് പിടിച്ചുനിൽക്കാമോ?,Malayalam
ഒരു നിമിഷം തൂങ്ങുക.,Malayalam
ഒരു നിമിഷം എന്നോട് സഹിക്കൂ.,Malayalam
ഞാൻ നിങ്ങളോടൊപ്പം ഉണ്ടാകും.,Malayalam
ക്ഷമ ചോദിക്കുന്നു.,Malayalam
അതിൽ ഞാൻ ഖേദിക്കുന്നു.,Malayalam
ദയവായി എന്റെ ക്ഷമാപണം സ്വീകരിക്കുക.,Malayalam
അതിനെക്കുറിച്ച് വിഷമിക്കേണ്ട.,Malayalam
വിഷമിക്കേണ്ടതില്ല.,Malayalam
"ശരി, പൊതുവായ വാക്യങ്ങളെയും ശൈലികളെയും കുറിച്ച് നിങ്ങൾക്ക് കൂടുതൽ പാഠങ്ങൾ വേണമെങ്കിൽ ചുവടെയുള്ള അഭിപ്രായ വിഭാഗത്തിൽ എന്നെ അറിയിക്കുക.",Malayalam
"നിങ്ങൾക്ക് ഈ വീഡിയോ ഇഷ്‌ടപ്പെട്ടെങ്കിൽ, സമാനമായ ബട്ടൺ അമർത്തിക്കൊണ്ട് ഒരു തംബ്‌സ് അപ്പ് നൽകുകയും എന്റെ ഏറ്റവും പുതിയ പാഠങ്ങൾ യൂട്യൂബിൽ തന്നെ ലഭിക്കുന്നതിന് സബ്‌സ്‌ക്രൈബ് ബട്ടൺ ക്ലിക്കുചെയ്ത് ഈ ചാനൽ സബ്‌സ്‌ക്രൈബുചെയ്യാൻ ഓർമ്മിക്കുകയും ചെയ്യുക.",Malayalam
"സന്തോഷകരമായ പഠനം, മറ്റൊരു പാഠത്തിൽ ഞാൻ നിങ്ങളെ ഉടൻ കാണും.",Malayalam
ഒരു ചെറിയ ഗ്രാമത്തിൽ ഒരിക്കൽ സ്വർണ്ണ അപ്പം മരിയൻ എന്ന സ്ത്രീ താമസിച്ചിരുന്നു.,Malayalam
"അവളുടെ ഏക മകളായ നാർസിസ മരിയൻ വളരെ വിനീതവും മധുരമുള്ളതുമായ നാർസിസ ആയിരുന്നു, എന്നിരുന്നാലും അവൾ ഒരു ജീവനുള്ളവളായിരുന്നുവെന്ന് വാക്കുകൾക്കപ്പുറത്ത് സുന്ദരിയാണെന്ന് നിങ്ങൾ കാണുന്നു.",Malayalam
പാവയും ഏറ്റവും രസകരമായ ഭാഗവും നാർസിസ നിങ്ങൾ ആഗ്രഹിക്കുന്നിടത്തോളം അവൾ സ്വയം സ്നേഹിക്കുന്നു എന്നതാണ്.,Malayalam
"റൊട്ടി ചുട്ടെടുക്കാൻ എന്നെ സഹായിക്കൂ നാർസിസ ഈ വിത്തുകൾ നട്ടുപിടിപ്പിക്കാൻ നിങ്ങൾ എന്നെ സഹായിക്കുമോ, ഞാൻ എന്തിന് അത് ചെയ്യും, എന്റെ മനോഹരമായ വിരലുകളിൽ അഴുക്ക് ലഭിച്ചത് മോശമായിത്തീർന്നത് എന്റെ മുഖത്തേക്ക് നന്നായി പോയാൽ അത് നാർസിസയുടെ പ്രശ്‌നമായിരുന്നു.",Malayalam
"ഒരു ജോലിയും ചെയ്യാൻ തനിക്ക് വളരെ വലുതാണെന്ന് അവൾ കരുതി, വിവാഹത്തിൽ നാർസിസസ് കൈ ചോദിക്കാൻ നിരവധി സ്യൂട്ടർമാർ വന്നു.",Malayalam
"അവളുടെ സൗന്ദര്യം ദൂരവ്യാപകമായി അറിയപ്പെട്ടിരുന്നെങ്കിലും അവൾ എല്ലാവരോടും വളരെ പരുഷമായി നിരസിച്ചു, എന്തുകൊണ്ടാണ് നിങ്ങൾ ഇന്നലെ ആ പുരുഷന്മാരെ പറഞ്ഞയച്ചത്?",Malayalam
പക്ഷിയുടെതുപോലെയുള്ള ചെറിയ കണ്ണുകളും മറ്റേയാൾക്ക് വലിയ മൂക്കും ഉണ്ടായിരുന്നെങ്കിൽ ഞാൻ അവന്റെ അടുത്ത് വരാൻ ആഗ്രഹിക്കുന്നില്ല.,Malayalam
"അവൻ തുമ്മുമ്പോൾ ഓ, അവസാന സ്റ്റോപ്പ് ഇല്ല എനിക്ക് ഇനി കേൾക്കാൻ താൽപ്പര്യമില്ല, എനിക്ക് കാണാൻ കഴിഞ്ഞത് ആ പുരുഷന്മാർ ശരിക്കും നല്ലവരായിരുന്നു എന്റെ പ്രിയേ, ആ സൗന്ദര്യം നിങ്ങൾ അറിഞ്ഞിരിക്കണം.",Malayalam
ഒരു രാജകുമാരനെയോ നൈറ്റിനെയോ പോലെയുള്ള ഒരാളെ ഞാൻ അർഹനാണെന്ന് നിങ്ങൾ മനസ്സിലാക്കേണ്ടതെല്ലാം അമ്മയല്ലേ?,Malayalam
"ഓ, ഒരു രാത്രി അവൾ ഉറങ്ങുമ്പോൾ അമ്മ അവളെ നോക്കി അവളുടെ അരികിലിരുന്നു.",Malayalam
"എന്റെ പ്രിയപ്പെട്ട കുട്ടി നീ വളരെ സുന്ദരിയും സുന്ദരനുമാണ്, പക്ഷേ നിങ്ങളുടെ സൗന്ദര്യമല്ലാതെ മറ്റൊന്നും നിങ്ങൾ ശ്രദ്ധിക്കുന്നില്ല.",Malayalam
"ആ നിമിഷം നാർസിസസ് ഉറക്കത്തിൽ ചിരിക്കാൻ തുടങ്ങി, പിറ്റേന്ന് രാവിലെ നാർസിസസ് വരുമ്പോൾ അവൾക്ക് വളരെ രസകരമായ ഒരു സ്വപ്നം ഉണ്ടായിരിക്കണമെന്ന് അമ്മ അത്ഭുതപ്പെട്ടു.",Malayalam
"ഞാൻ ഉറക്കമുണർന്നു, അവൾ എല്ലാം പുഞ്ചിരിയായിരുന്നു, ഇവിടെ പുഞ്ചിരി, നിങ്ങൾ എന്താണ് സ്വപ്നം കണ്ടതെന്ന് എന്നോട് പറയുക.",Malayalam
"കഴിഞ്ഞ രാത്രി നന്നായി അമ്മ ഇത് ഒരു അത്ഭുതകരമായ സ്വപ്നമായിരുന്നു, എന്റെ അടുത്ത് വന്ന ഈ രാജകുമാരൻ ഉണ്ടായിരുന്നുവെന്ന് നിങ്ങൾക്കറിയാം.",Malayalam
എന്നെ വിവാഹം കഴിക്കാൻ ആഗ്രഹിക്കുന്നുവെന്നും ഒരു സ്വർണ്ണ വണ്ടിയിൽ വന്നിട്ടുണ്ടെന്നും മുകളിൽ നിന്ന് താഴേക്കും സ്വർണ്ണമായും വസ്ത്രം ധരിച്ചിട്ടുണ്ടെന്നും എന്തൊരു നിസാര സ്വപ്നമാണെന്നും അദ്ദേഹം പറഞ്ഞു.,Malayalam
"എന്റെ വിവാഹ വസ്ത്രത്തിൽ ഞാൻ സ്വർണ്ണനിറത്തിലായിരുന്നപ്പോൾ അതിന്റെ ഏറ്റവും നല്ല ഭാഗം നിങ്ങൾക്കറിയാം, തീർച്ചയായും എല്ലാവരും എന്നെ മാത്രം നോക്കിയിരുന്നു നാർസിസ ആ സ്വപ്നത്തെക്കുറിച്ച് അത്ഭുതകരമായ ഒന്നും തന്നെയില്ല.",Malayalam
"അത് വളരെ അഹംഭാവമുള്ള ഒരു സ്വപ്ന അമ്മയായിരുന്നു, നിങ്ങൾ എന്താണ് പറയുന്നതെന്ന് നിങ്ങൾക്കറിയില്ല, സ്വപ്‌നം എന്നെ സ്വർണ്ണത്തിൽ നിർമ്മിച്ച ഹോം ബ്രെഡിൽ ഇവിടെ കഴിക്കുന്നതിനേക്കാൾ വളരെ മികച്ച ഭക്ഷണം ആവശ്യമാണെന്ന് എനിക്ക് മനസ്സിലായി.",Malayalam
"ആ പാവം നാർസിസസ് അമ്മയെക്കുറിച്ച് ചിന്തിക്കുക, മകളെക്കുറിച്ചും എങ്ങനെ എന്നതിനെക്കുറിച്ചും.",Malayalam
അന്ന് അവൾ അവളുടെ ജീവിതം നയിക്കും.,Malayalam
"രണ്ട് സുഹൃത്തുക്കൾ നാർസിസസ് അമ്മയെ കാണാൻ വന്നു, അവർ മെല്ലിയും ടെറിയും മൂന്നുപേരും കാലങ്ങളായി സുഹൃത്തുക്കളായിരുന്നു, പക്ഷേ ടെറിയും എല്ലിക്കും ഇരുവർക്കും ഒരു രഹസ്യമുണ്ടായിരുന്നു.",Malayalam
"മാന്ത്രികജീവികളായിരുന്നു നാർസിസിന്റെ അമ്മയ്ക്ക് ടെറി മെല്ലിയെക്കുറിച്ച് ഒന്നും അറിയില്ലായിരുന്നു, ഓ, ഇത് നിങ്ങളെ കാണാൻ വളരെ നല്ലതാണ്, ഇത് വളരെക്കാലമായിരിക്കുന്നു ' നിങ്ങൾ എങ്ങനെ ആയിരുന്നെങ്കിൽ ഞാൻ വളരെ നല്ലവനായിരുന്നു, എന്റെ മകൾ നാർസിസ കുറച്ചുകൂടി മനസിലാക്കിയാൽ മരിയൻ മെല്ലിയോടും ടെറിയോടും നാർസിസയെക്കുറിച്ചും അവൾ എങ്ങനെ വിഷമിക്കുന്നുവെന്നും അവൾ എങ്ങനെ കഴിക്കണം അവളുടെ സ്വപ്നം സാക്ഷാത്കരിക്കപ്പെട്ടാൽ ഞാൻ അവളുമായി എന്തുചെയ്യും?",Malayalam
"അത് അതിശയകരമായിരിക്കും, ഞാൻ time ഹിച്ചാലും അവൾ പഠിക്കും, മറ്റെന്തെങ്കിലും സംസാരിക്കാം.",Malayalam
"ഇപ്പോൾ മെല്ലിയും ടെറിയും അവരുടെ പഴയ സുഹൃത്തിനോട് വിടപറഞ്ഞു, ആ രാത്രിയിൽ അമ്മയും മകളും രഹസ്യമായി പരസ്പരം പുഞ്ചിരിച്ചു.",Malayalam
"കിടക്ക അമ്മയ്‌ക്കായി തയ്യാറായി, എന്റെ സ്വപ്നം സാക്ഷാത്കരിക്കുമെന്ന് ഞാൻ പ്രതീക്ഷിക്കുന്നു, അടുത്ത ദിവസം നാർസിസയും അമ്മയും അവരുടെ പൂന്തോട്ടത്തിൽ ഒരു സുന്ദരിയായിരുന്നതിനാൽ നിങ്ങൾക്കറിയാം.",Malayalam
"സ്വർണ്ണവണ്ടി അവരുടെ അടുത്തേക്ക് കയറി വന്നു, അത് രത്നങ്ങളിലും വജ്രങ്ങളിലും പതിച്ചിരുന്നു.",Malayalam
അത് നിർത്തിയപ്പോൾ അതിൽ നിന്ന് ഒരു സുന്ദരൻ പുറത്തുവന്ന് നാർസിസയെ നോക്കിയപ്പോൾ അവൾ എന്റെ സ്വപ്നം എത്ര സുന്ദരനാണെന്ന് പൂർണ്ണമായും പരിഭ്രാന്തരായി.,Malayalam
"ഹലോ, വിവാഹത്തിൽ നാർസിസസ് കൈ ചോദിക്കാൻ ഞാൻ ഇവിടെയെത്തി, പക്ഷേ അവളുടെ പേര് എങ്ങനെ അറിയാം, നിങ്ങൾ ആരാണ്.",Malayalam
നിങ്ങളുടെ മകളുടെ പേരും സൗന്ദര്യവും ലോകമെമ്പാടും അറിയപ്പെടുന്ന ഭാഗ്യത്തിന്റെ മാലാഖയാണ് ഞാൻ.,Malayalam
"ഞാൻ നിങ്ങൾക്ക് ഒരു സമ്മാനം കൊണ്ടുവന്നിട്ടുണ്ട്, എന്നാൽ നിങ്ങൾക്ക് അവനോടൊപ്പം പോകാൻ കഴിയില്ലെന്ന് നിങ്ങൾക്കറിയില്ല.",Malayalam
"ഓ, അവൻ ധനികനും സുന്ദരനുമാണ്, എനിക്ക് നിങ്ങളുടെ ടെറൻസ് സ്വീകരിക്കാം.",Malayalam
പെട്ടെന്നു ഒരു മാജിക് പോർട്ടൽ നൽകിയ അവർ രഥത്തിൽ സഞ്ചരിച്ചിരുന്ന പോലെ അവൾ രഥം കയറി ആ പോലും അവളുടെ അമ്മ വിട പറയാതെ കൂടെ ദൂതനോടും കയറി അവിടെ ഒരു കൊടുങ്കാറ്റ് പ്രദേശത്ത് സഞ്ചരിച്ചു രഥത്തിൽ ശക്തമായി ചുറ്റും ലാബിൽ ഒപ്പം നര്ചിഷ.,Malayalam
"വളരെ ഭയമായിരുന്നു വിഷമിക്കേണ്ട എന്റെ പ്രിയേ, ഇതെല്ലാം പറഞ്ഞുകഴിഞ്ഞാലുടൻ വണ്ടി മറ്റൊരു പോർട്ടലിലൂടെ പോയി ഡ്രൈവ്വേയിൽ എത്തി.",Malayalam
"വിശാലവും ഗംഭീരവുമായ ഒരു സ്വർണ്ണ കോട്ട നാർസിസ അവൾ കണ്ട എല്ലാ സൗന്ദര്യത്തെയും അതിശയിപ്പിച്ചു, എനിക്ക് ധാരാളം സമ്പത്ത് അർഹതയുണ്ടെന്ന് എനിക്കറിയാം, നിങ്ങൾക്കറിയാമെന്ന് നിങ്ങൾക്കറിയാമെന്ന് നിങ്ങൾക്കറിയാമെങ്കിൽ നിങ്ങൾ ആഗ്രഹിക്കുന്നതെന്തും നിങ്ങൾ ഇവിടെ കണ്ടെത്തും ഏറ്റവും മനോഹരമായ വസ്ത്രങ്ങൾ മുതൽ രുചികരമായ ഭക്ഷണങ്ങൾ എന്റെ കൊട്ടാരത്തിൽ ഭക്ഷണത്തെക്കുറിച്ച് നന്നായി സംസാരിക്കുന്നു, ആ സവാരിക്ക് ശേഷം എനിക്ക് ശരിക്കും വിശക്കുന്നു.",Malayalam
പട്ടിണി കിടക്കുന്ന എനിക്ക് തീർച്ചയായും ആ രുചികരമായ ഭക്ഷണം കഴിക്കാൻ കഴിയുമോ?,Malayalam
"മാംസം മണമുള്ള മെലിസ അവൾക്ക് നിങ്ങൾക്കാവശ്യമുള്ളതെന്തും ലഭിക്കും ഞാൻ നിങ്ങൾക്ക് കുറച്ച് ഭക്ഷണം തരാം, നന്ദി, അവർ ഡൈനിംഗ് റൂമിലേക്ക് പോയി, അവിടെ മേശപ്പുറത്ത് നാർസിസ ഇതുവരെ കണ്ടിട്ടുള്ളതിൽ വച്ച് ഏറ്റവും ആശ്ചര്യകരമായ ഭക്ഷണമായിരുന്നു അത്, കാരണം ഇത് ജാം നിർമ്മിച്ചതാണ്.",Malayalam
"മാണിക്യത്തിന്റെ സലാഡുകളും അതിനു മുകളിലുള്ള റൊട്ടിയും സ്വർണ്ണ സ്വർണ്ണ റൊട്ടി കൊണ്ടാണ് നിർമ്മിച്ചിരിക്കുന്നത്, ഈ ജാം എത്ര മനോഹരമായി കാണപ്പെടും, ഒപ്പം അവൾ ഒരു കഷ്ണം എടുത്ത റൊട്ടിയുമായി മനോഹരമായി ആസ്വദിക്കും.",Malayalam
"മാണിക്യ ജാം ഒരു വലിയ കടിയെടുത്തു ഇത് വളരെ ചൂടാണ്, എനിക്ക് ഇത് നന്നായി കഴിക്കാൻ കഴിയില്ല, ഇത് സ്വർണ്ണം കൊണ്ട് നിർമ്മിച്ച റൊട്ടിയും ഏറ്റവും മികച്ചതുമാണ്, പക്ഷേ നിങ്ങൾക്ക് ഇത് കഴിക്കാൻ കഴിയുന്നില്ലെങ്കിൽ ഞാൻ നിങ്ങൾക്ക് സിൽവർ ബ്രെഡ് സിൽവർ നൽകണം നിങ്ങൾ കഴിക്കുന്നു.",Malayalam
"മറ്റെന്തെങ്കിലും എനിക്ക് സാധാരണ ബ്രെഡ് ബ്രെഡ് വേണം, അത് എനിക്ക് കഴിക്കാൻ പറ്റില്ല, അതിനാൽ എന്റെ സൈർ ഷെല്ലിന്റെ ഭാര്യയായിരിക്കേണ്ട തണുപ്പാണ് നിങ്ങൾ തണുത്തത് നിങ്ങൾ എല്ലാ ഭക്ഷണവും നോക്കിയ ഏറ്റവും മികച്ച നാർസിസ് മാത്രമേ കഴിക്കൂ.",Malayalam
"പക്ഷേ, ഭക്ഷ്യയോഗ്യമല്ലാത്ത എല്ലാ കാര്യങ്ങളിലും അവൾ നടുങ്ങിപ്പോയി, പെട്ടെന്നുതന്നെ എനിക്ക് ഇത് വേണ്ടെന്ന് കരയാൻ തുടങ്ങി, പക്ഷേ ഭക്ഷണം നല്ലതാണ്.",Malayalam
"ഇവിടെ സ്വർണ്ണ ഉരുളക്കിഴങ്ങ് പരീക്ഷിക്കുക, അവ വളരെ നല്ലതാണ്, നിങ്ങൾ എന്നെ വിവാഹം കഴിച്ചതിനുശേഷം.",Malayalam
"ഇതെല്ലാം നിങ്ങൾ കഴിക്കേണ്ടതുണ്ട്, നിങ്ങൾക്ക് ഫാൻസി കാര്യങ്ങൾ ഇഷ്ടമാണെന്ന് ഞാൻ വിചാരിച്ചു, ഞാൻ നിങ്ങളെ വിവാഹം കഴിക്കാൻ ആഗ്രഹിക്കുന്നില്ല, എനിക്ക് വീട്ടിലേക്ക് പോകണം.",Malayalam
എന്റെ അമ്മയോട് എന്നെ വീട്ടിലേക്ക് പോകാൻ അനുവദിക്കുക മെലിസയും ടെറൻസും പരസ്പരം നോക്കി നന്നായി കണ്ണടച്ചു.,Malayalam
അത് ശരിക്കും നിങ്ങൾക്കാവശ്യമുണ്ടെങ്കിൽ ഞാൻ നിങ്ങളെ വീട്ടിലേക്ക് കൊണ്ടുപോകും ടെറൻസ് കരച്ചിലും അസന്തുഷ്ടിയും എടുത്തു.,Malayalam
വീട്ടിൽ വണ്ടിയിൽ നാർസിസ് അവൾ വീട്ടിലെത്തിയപ്പോൾ നടത്തിയ തിരഞ്ഞെടുപ്പുകളെക്കുറിച്ച് ആഴത്തിൽ ചിന്തിക്കാൻ തുടങ്ങി.,Malayalam
"വീട്ടിൽ ഇരിക്കുന്ന അമ്മയെ ആലിംഗനം ചെയ്യാൻ അവൾ ഓടി, സഹോദരിയേ, എന്റെ പ്രിയപ്പെട്ട മകളേ, ഞാൻ നിങ്ങളെ ഒരിക്കലും കാണില്ലെന്ന് കരുതി.",Malayalam
"ഓ അമ്മേ, ഞാൻ നിന്നെ വളരെയധികം സ്നേഹിക്കുന്നു, നിങ്ങൾ ശരിയായ രൂപവും സമ്പത്തും എല്ലാം സ്വർണ്ണ റൊട്ടി ഉപയോഗശൂന്യമായിരുന്നു, എനിക്ക് അത് കഴിക്കാൻ കഴിയാത്തതിനാൽ മനുഷ്യനും.",Malayalam
"അവൻ സുന്ദരനായിരുന്നു, അവൻ എന്നെ ഒട്ടും ശ്രദ്ധിച്ചില്ല, പക്ഷേ എന്റെ പ്രിയപ്പെട്ടവനാണ് നിങ്ങൾ മറ്റുള്ളവരോട് പെരുമാറിയത് എന്ന് എനിക്കറിയാം.",Malayalam
"എനിക്കറിയാം ഞാൻ അഭിനയിച്ചതിൽ ഞാൻ ഖേദിക്കുന്നു, ഓ, അല്ല, നിങ്ങൾ കണ്ടതുമുതൽ കുഴപ്പമില്ല.",Malayalam
നിങ്ങളുടെ തെറ്റ് വന്നത് ആ ദിവസം മുതൽ നിങ്ങൾക്ക് എന്തെങ്കിലും നല്ലത് നൽകാം.,Malayalam
"നാർസിസ ആദ്യം പാടുപെട്ട വഴികൾ മാറ്റി, പക്ഷേ പതുക്കെ ക്ഷമയോടെ അവൾ ഒരുപാട് സുന്ദരിയാകാൻ തുടങ്ങി ഒരു ദിവസം മെല്ലിയും ടെറിയും മരിയനെ വീണ്ടും കാണാൻ വന്നു ഓ ഹലോ നിങ്ങൾ രണ്ടുപേരും അതിനാൽ മരിയൻ ഞങ്ങളോട് പറയുക.",Malayalam
"എങ്ങനെ' സംഭവിച്ച എല്ലാ കാര്യങ്ങളും ഇപ്പോൾ മരിയൻ അവരോട് പറഞ്ഞു, ആ സമയം മുതൽ അവൾ വളരെയധികം മാറി.",Malayalam
"അവൾക്കറിയാമോ, അവൾക്ക് ഇപ്പോൾ കൂടുതൽ സ്വർണ്ണ റൊട്ടി വേണ്ടെന്ന്.",Malayalam
"ടെറി നിങ്ങൾ യഥാർത്ഥത്തിൽ ആ മാലാഖയെപ്പോലെയാണ് കാണപ്പെടുന്നത്, എന്നിരുന്നാലും നിങ്ങൾ രണ്ടുപേരും എങ്ങനെ ആയിരിക്കുമെന്ന് ഞാൻ കാണുന്നു",Malayalam