Nature  är en framstående brittisk vetenskaplig veckotidskrift som började utges 4 november 1869 och grundades av Norman Lockyer.,Sweedish
Den är världens mest citerade interdisciplinära vetenskapliga tidskrift.,Sweedish
[3] Fler än 1 700 artiklar har över åren författats av drygt 275 nobelpristagare.,Sweedish
[1] De flesta vetenskapliga tidskrifter är numera högt specialiserade men Nature är bland ett fåtal tidskrifter (veckotidskrifterna Science and Proceedings of the National Academy of Sciences är också framstående exempel) som fortfarande publicerar originalartiklar inom ett brett spektrum av vetenskapliga områden.,Sweedish
Det är många vetenskapliga områden inom vilka viktiga nya framsteg publiceras antingen i artikelform eller som brev i Nature.,Sweedish
Wikipedia (svenskt uttal: [vɪkɪ'peːdɪa]) är en wiki och en mångspråkig webbaserad encyklopedi.,Sweedish
"Den har i huvudsak fritt och öppet innehåll som utvecklas av sina användare, ofta benämnda wikipedianer.",Sweedish
[2] Den består till stor del av referat av källor skrivna av experter.,Sweedish
"Wikipedia lanserades den 15 januari 2001 av Jimmy Wales och Larry Sanger, ursprungligen i en engelskspråkig version, och är det mest besökta uppslagsverket på internet.",Sweedish
Svenskspråkiga Wikipedia startades den 23 maj 2001.,Sweedish
Wikipedia är (2020) rankad som världens trettonde och Sveriges åttonde mest besökta webbplats enligt Alexa.,Sweedish
[1] Wikipedia drivs av den icke-vinstinriktade stiftelsen Wikimedia Foundation med stöd av privata donatorer.,Sweedish
"Projektet bygger på wikiprogramvaran Mediawiki, som är uteslutande fri och har öppen källkod.",Sweedish
"Wikipedia grundades 15 januari 2001 av internetentreprenören Jimmy Wales och filosofen Larry Sanger, båda knutna till Wales internetföretag Bomis.",Sweedish
"De hade under år 2000 försökt starta uppslagsverket Nupedia, vilket dock begränsades av strikta krav på skribenterna.",Sweedish
"[3] Genom att använda wikitekniken, det vill säga en sökbar webbplats där sidorna enkelt och snabbt kan redigeras av besökarna, lyckades man få igång skrivandet.",Sweedish
"Wikipedia var från början enbart engelskspråkigt, men 15 mars 2001 togs initiativet till flera språk.",Sweedish
"[4] Först ut var tyska,[5] tätt följt av katalanska och japanska.",Sweedish
Dessa tre var i gång före utgången av mars.,Sweedish
Den 11 maj 2001 lades ytterligare nio stora språk till.,Sweedish
[6] Före utgången av 2001 fanns Wikipedia på 18 språk.,Sweedish
"Engelskspråkiga Wikipedia har hela tiden varit störst och hade i december 2019 5,9 miljoner artiklar.",Sweedish
Den första redigeringen gjordes av Bomis kontorskonto den 15 januari 2001 klockan 20:27 på sidan HomePage som då var namnet på förstasidan.,Sweedish
"Klockan 20:52 skapades den första artikeln, WikiPedia, av samma användare.",Sweedish
"Namnet ""wikipedia"" myntades av Larry Sanger[7] och är en sammanslagning av wiki, som är hawaiiska och betyder snabb[8] och encyclopedia, från grekiskans enkyklios paideia, ordagrant ""rundad bildning"" eller ""kunskaper som formar en krets"", i betydelsen ""allmänbildning"".[9].",Sweedish
"Svenska var det andra mindre språket (efter katalanska) som fick en egen Wikipedia, och första redigeringen gjordes 23 maj 2001 av Linus Tolke.",Sweedish
[10] Den äldsta bevarade startsidan[11] för Svenskspråkiga Wikipedia är från 10 juli 2001.,Sweedish
Svenskspråkiga Wikipedia var dock i stort sett inaktiv till november 2002.,Sweedish
Wikipedia finns idag tillgänglig på 317[12] olika språk.,Sweedish
"269 språkversioner hade i september 2020 över ettusen artiklar, och 30 språk hade då fler än en miljon artiklar.",Sweedish
"[13] Den engelskspråkiga versionen är störst, idag med 6 238 145 artiklar, 998 856 599 redigeringar sedan start och 141 020 aktiva bidragsgivare under den senaste månaden.",Sweedish
"[12] Därefter följde i september 2020 de cebuanospråkiga, svenskspråkiga, tyska, franska och nederländska versionerna, ordnade i storlek efter antal riktiga artiklar.",Sweedish
"[13] Totalt innehåller Wikipedias olika språkversioner just nu 228 586 156 artiklar, och den svenskspråkiga versionen har 3 431 103 artiklar.",Sweedish
"[12][a] Svenskspråkiga Wikipedia innefattar emellertid en stor andel (3,1 miljoner eller 81 procent, noterat januari 2019[14]) robotskapade artiklar och var i september 2020 bara på fjortonde plats sett till antal redigeringar sedan start och på tjugonde plats sett till antal aktiva inloggade bidragsgivare under senaste månaden.",Sweedish
"[13] Även cebuanospråkiga Wikipedia innefattar en mycket stor andel (5,3 miljoner eller 99,6 procent) robotskapade artiklar.",Sweedish
"[14] De flesta robotskapade artiklar har skapats av svenska Lsjbot, och handlar om djur eller ortnamn.",Sweedish
"[15] Många studenter, journalister, författare, forskare, med flera yrkeskategorier, hämtar dagligen uppgifter från Wikipedia, där snabbheten är en stor fördel jämfört med att leta i litteratur och forskningsartiklar.",Sweedish
Sökmotorer som Google leder ofta till Wikipedia och driver webbtrafik till Wikipedia.,Sweedish
Wikipediaartiklar anses emellertid främst användbara för att hitta andra mer auktoritativa källor snarare än som informationskälla till egna publikationer.,Sweedish
"[16] En svensk undersökning visade 2019 att 83 procent av de svenska internetanvändarna använde Wikipedia, varav tio procent gjorde det varje dag.",Sweedish
Bland de som studerar använde 94 procent Wikipedia för att söka information.,Sweedish
[17] Samma undersökning visade 2018 att i åldersgruppen upp till 45 år använde 90 procent Wikipedia.,Sweedish
Det var fler män än kvinnor som använde Wikipedia varje vecka: 45 procent män och 33 procent kvinnor.,Sweedish
"[18][19] Det finns ämnesorienterade Wikipediasidor som exemplifierar hur Wikipedia kan användas av släktforskare, av lärare och av vandrare.",Sweedish
"Det är vanligt förekommande att lärare, i synnerhet på universitetsnivå, avråder studenter från att använda Wikipedia som källa och istället rekommenderar att man går till de mer auktoritativa källor som i sin tur anges i många Wikipediaartiklar, därför att studenten med sitt val av källor ska bevisa uppsatsens akademiska nivå och vetenskapliga aktualitet.",Sweedish
Även Wikipedia rekommenderar att man använder verket för att hitta källor hellre än att uppge Wikipedia som källa.,Sweedish
"Andra lärare accepterar enstaka hänvisningar till Wikipedia eller andra uppslagsverk, om andra källor inte kan hittas, under förutsättning att längre uppsatser och examensrapporter inte i sin helhet är baserade på detta, utan grundas på forskningspublikationer, akademiska läroböcker och på studentens egna undersökning.",Sweedish
Wikipedia förekommer i princip aldrig i källhänvisningar i forskningspublikationer.,Sweedish
"Det förekommer att artiklar på Wikipedia listas bland kurslitteraturen för högskolekurser, bland annat i Sverige 2007, då dock med varnande noter för användning med viss försiktighet.",Sweedish
"[20] Forskare kan få fler forskningsciteringar om begrepp som de har myntat och teorier som de har lanserat refereras på Wikipedia, enligt nedan.",Sweedish
Wikipediaartiklar har mycket varierande kvalitet.,Sweedish
"Wikipediaartiklars trovärdighet vilar mycket på dess källor och på att ett stort antal personer bevakar, granskar och bidrar till artiklarna, medan andra uppslagsverk vilar på att dess författare är experter som anses vara auktoriteter på sina områden.",Sweedish
"En Wikipediaartikels tillförlitlighet kan bedömas bland annat genom att studera artikelns historik, som framgår av forskningsresultat nedan.",Sweedish
"En Wikipediaartikel som stämmer in på följande påståenden har således sannolikt hög trovärdighet: Dessa kriterier gör att den engelska språkversionen av Wikipedia (som har flest skribenter, flest artiklar och i allmänhet längre artiklar förutom om svenska förhållanden) bör ha fler trovärdiga artiklar än den svenska.",Sweedish
Detta är också en vanlig uppfattning bland svenska läsare.,Sweedish
[21] Också vanliga kriterier för källkritik kan tillämpas på Wikipediaartiklar.,Sweedish
"Det är tillåtet att direkt kopiera stora delar av artiklarna eller enstaka bilder till en egen publikation, förutsatt att man publicerar den under samma licens som Wikipedia, CC BY-SA (en bild kan ligga under annan öppen licens), och anger källa till artikeln så som licensen kräver.",Sweedish
"Publicerar man inte under fri licens krävs att man kommer överens med upphovspersonerna, exempelvis med en fotograf, om ersättning.",Sweedish
Referat av och korta citat från Wikipedia är tillåtna enligt citaträtten som från vilken som helst annan källa.,Sweedish
"Eftersom Wikipedia bygger på tidskriftsartiklar, forskningspublikationer och böcker finns risk för rundgång av felaktiga uppgifter, om professionella författare och skribenter slarvar med att uppge källa då de hämtar uppgifter från Wikipedia.",Sweedish
"Källhänvisning till Wikipedia måste vara tillräckligt exakt, så att läsare själv kan hitta artikeln och se artikelns författare i artikelhistoriken.",Sweedish
"Accessdatum är viktigt, eftersom Wikipediaartiklar förändras.",Sweedish
Källförteckningens källbeskrivning kan exempelvis utformas enligt följande om man använder Harvardsystemet som referenssystem:[22] Vid IEEE- och Vancouversystemet kan källbeskrivning formateras enligt följande (om källan är nummer 2 i källförteckningen): Enligt Oxfordsystemet kan samma källbeskrivning utformas: Alla versioner av sidorna på Wikipedia sparas.,Sweedish
Därmed är det möjligt att länka till just den version av en artikel man använt.,Sweedish
En länk till arkivversionen tillhandahålls i artiklarnas vänstermarginal.,Sweedish
Den funktionsprincip som ligger till grund för projektet kallas wiki (hawaiiska för snabbt).,Sweedish
"Wikiprincipen avser att det går snabbt att hitta artiklar, att det är enkelt att ändra och länka samman artiklar, att publiceringen inte fördröjs av redaktionell granskning och godkännande samt att det går snabbt att återställa ändringar till en tidigare version av artikeln.",Sweedish
"En wiki är en webbserver och databasserver som möjliggör för ett stort antal människor att tillsammans redigera webbsidor via webbgränssnitt, och innefattar funktioner för artikelhistorik och versionshantering.",Sweedish
En wiki har således stora likheter med ett webbpubliceringssystem.,Sweedish
"Viktiga skillnader är att i en wiki lagras sidorna i en icke-hierarkisk struktur, vilket underlättar sökning och länkning, samt att wikier traditionellt har saknat funktioner för att hantera linjeorganisationens arbetsflöden och beslutsgång för godkännande av publicering.",Sweedish
Wikipedia använder sig av den fria wikiprogramvaran MediaWiki som är licensierad under GNU General Public License (GPL).,Sweedish
"Från början använde Wikipedia en annan wikiprogramvara, UseModWiki, som också är licensierad under GPL.",Sweedish
"Serverklustren finns (sedan januari 2013) i delstaten Virginia och har även speglade data i casheservrar i datacenter i Amsterdam som bland annat betjänar Europa, i Singapore för Asien samt i San Francisco och Texas för Amerika.",Sweedish
"Tillsammans konsumerar de 2 GWh energi per år (år 2016), vilket motsvarar 700 tyska hushålls årsförbrukning.",Sweedish
"[23] Wikipedias webbsidor kan delas in i ett antal typer eller namnrymder, där de vanligaste är: För var och en av dessa sidor finns dessutom en diskussionssida, där främst sidans utformning (men inte dess ämne) diskuteras.",Sweedish
"Varje sida har en versionshistorik, där man ser vilken användaridentitet som har ändrat vad och när på sidan.",Sweedish
"Wikipedias artiklar redigeras vanligen genom att man använder wikikod (wikitext), som är ett kompakt märkspråk.",Sweedish
För nybörjare och andra som inte vill eller kan använda märkspråk finns sedan sommaren 2013 ett alternativt och enklare redigeringsgränssnitt – VisualEditor.,Sweedish
"[24] VisualEditor nås genom att välja fliken Redigera ovanför artikeln, medan wikikoden redigeras genom att välja Redigera wikitext.",Sweedish
"Båda metoderna kan användas för att wikifiera artikeln, det vill säga för att infoga länkar till andra artiklar, fotnoter, kategorier, bilder, rubriker, tabeller och annan typografisk formatering.",Sweedish
"Wikikod används även för att skapa mallar med innehåll som kan återanvändas i flera olika artiklar, och vars utformning kan anpassas med hjälp av olika parametrar.",Sweedish
"Mer komplicerad kodning av artiklar och mallar kan även göras i märkspråken html (för avancerad layout) och TeX (för matematiska formler och notskrift) samt programspråket Lua (för att skapa programmoduler som kan användas i avancerade mallar, och som körs på Mediawikiservern).",Sweedish
"Inloggade användare kan anpassa sitt användargränssnitt genom att välja mellan olika skal (stilmallar), och genom att aktivera olika finesser (program skrivna i språket Javascript).",Sweedish
Finesser lagras på Mediawikiservern men körs lokalt i användarens webbläsare.,Sweedish
Mediawikiprogramvaran är skriven i PHP.,Sweedish
"Bilder och andra mediafiler lagras i allmänhet i filarkivet Wikimedia Commons, som är gemensam för alla Wikimedia-projekten, och kan användas också av utomstående.",Sweedish
"En del projekt, såsom finsk- och engelskspråkiga Wikipedia, har dessutom egna filer som inte kan användas i andra projekt; medan innehåll på Commons förutsätts vara fritt, tillåts i dessa projekt även proprietär media på basen av fair use (återgivningsrätt).",Sweedish
Länkar mellan språkversionerna (språklänkar eller interwikilänkar) lagras sedan 2013 centralt på databasen Wikidata istället för att läggas in med wikikod i varje språkversion av varje artikel.,Sweedish
"På Wikidata kan även siffror, namn och annan kvantitativ data (motsats till löpande text) lagras gemensamt för alla språkversioner.",Sweedish
Data som är gemensamma för många språkversioner behöver på så sätt bara uppdateras på ett ställe.,Sweedish
Data från wikidata länkas automatiskt in i allt fler av Wikipedias faktarutor.,Sweedish
"Visionen är att även listor, tabeller, diagram och kartor ska kunna skapas automatiskt för olika språk, något som emellertid kräver komplicerad programmering i sökverktyg som SPARQL(en)[25] och Quarry[26].",Sweedish
"Ett enklare alternativ kan vara att lagra en tabelldatafil, exempelvis från ett kalkylark, på en sida i Wikimedia Commons datanamnrymd, vilket underlättar automatiskt skapande av diagram och kartor på olika språk.",Sweedish
[27][28][29] Wikidata är dessutom utformad för att vara en del av den semantiska webben.,Sweedish
"Syftet är att underlätta för maskiner (exempelvis kalkylprogram, artificiell intelligens och bottar) att söka, tolka, analysera, visualisera och uppdatera data i Wikidata.",Sweedish
"Wikidata lagrar därför data på ett strukturerat sätt, tillsammans med semantisk information som beskriver datats betydelse och relationer (Exempel: Stockholm -> är en instans av -> huvudstad, Stockholm -> tillhör den administrativa enheten -> Stockholms län, Stockholm -> grundades -> 1187).",Sweedish
"[30] Wikipedias ursprungliga användargränssnitt kallas dess stationära vy och är utformat för webbläsare på persondatorer, exempelvis stationära datorer, med relativt stora skärmar.",Sweedish
Idag kan Wikipediasidor även läsas och redigeras från handhållna enheter såsom mobiltelefoner.,Sweedish
Redan 2004 möjliggjorde Wapediatjänsten tillgång från mobiltelefoner via så kallade WAP-sidor (webbliknande teknik avsedd för mobiltelefoner med piltangenter och små skärmar).,Sweedish
År 2006[31] och 2007 lanserades mobilanpassade Wikipedia-webbgränssnitt[32] avsedda för mobila plattformar med enkla webbläsare.,Sweedish
"År 2009 öppnades en nyare version som idag är den officiella mobila vyn,[33] avsedd för smartmobiler såsom Symbian-telefoner, iPhone-enheter och Android-enheter.",Sweedish
[34] Engelskspråkiga Wikipedias mobila vy har adressen en.m.wikipedia.org och svenskspråkiga mobila vyn sv.m.wikipedia.org.,Sweedish
Även ett antal mobila appar för ändamålet finns.,Sweedish
"Den mobila webbvyn accessas mer ofta än den stationära vyn, för svenskspråkiga Wikipedia sedan slutet av 2015, särskilt under semestermånader, och skillnaden växer.",Sweedish
[35][36] Mobila Wikipediaappar används bara för en bråkdel av accesserna.,Sweedish
"[37] Wikipedia är även tillgängligt via spelkonsoler som Playstation 3, Nintendo Wii och Xbox 360.",Sweedish
"Där kan man ladda ner databasdumpar av åtminstone engelskspråkiga Wikipedia, men det är då den vanliga webbversionen av uppslagsverket och ingen speciellt utvecklad version.",Sweedish
Wikipedia är i regel fritt tillgänglig i alla delar av världen där man har fri tillgång till internet.,Sweedish
"Wikipedia censurerar inte sig själv från provocerande eller stötande material, men modereras genom konsensusbeslut baserat på sin egen raderingspolicy.",Sweedish
"Dock är stiftelsen Wikimedia Foundation skyldiga att efter en tid radera innehåll som bryter mot amerikansk lag, eftersom servrarna är placerade där, nämligen upphovsrättsbrott, förtal, avslöjande av personuppgifter och brott mot barnskyddslagstiftning.",Sweedish
"Till skillnad från nätcommunities som har sina servrar i Sverige är Wikipedia egentligen inte skyldig att följa lagen om elektronisk kommunikation, men dess amerikanska motsvarigheter.",Sweedish
"Stiftelsens svenska avdelning arbetar emellertid även med europeisk lagstiftning, exempelvis dataskyddsförordningen[38] Wikipedia påverkas sannolikt inte direkt av upphovsrättsdirektivet.",Sweedish
[39] I likhet med andra sociala medier saknar Wikipedia ansvarig utgivare  och utgivningsbevis i Sverige.,Sweedish
"Wikipedias ocensurerade innehåll, och att uppslagsverket inte behöver följa andra länders lagar än USA:s, har anförts som skäl när det blivit utsatt för restriktioner och blockeringar i vissa länder.",Sweedish
"Detta har främst skett i länder med internetcensur och inskränkningar i yttrande- och tryckfriheten, på senare tid i Folkrepubliken Kina (""Kinesiska brandväggen"" bland annat sedan 23 april 2019) och Turkiet (från april 2017 till januari 2020 som skylldes på skriverier om Turkiets inblandning i Syriska inbördeskriget[40]).",Sweedish
I Nordkorea begränsas allmänhetens tillgång till utländska internetsajter.,Sweedish
"Tillfällig total blockering av vissa eller alla språkversioner av Wikipedia har skett i Venezuela (i januari 2019), Uzbekistan (2007, 2008, 2012, 2016), Pakistan (2006 och 2010 på grund av hädelse), Syrien (2008–2009), Saudiarabien (2006),[41] och Tunisien (2006).",Sweedish
"Innan 2016 filtrerades vissa Wikipediasidor i Ryssland (om självmord och droger), Saudiarabien[42], Iran och Thailand.",Sweedish
"Efter att Wikipedia gick över helt till https-kryptering blev det tekniskt mycket svårt för internetleverantörer att filtrera specifika sidor, och dessa länder hävde då filtreringen.",Sweedish
Krypteringen gör det dessutom mycket svårt att övervaka vem som läser vilken Wikipediaartikel.,Sweedish
"Även i länder med hög grad av yttrandefrihet har censur och filtrering skett, såsom i Frankrike (inrikesdepartementets säkerhetstjänst försökte 2013 att censurera en artikel om en militär radiostation[43]) och i Storbritannien (en artikel som innehöll en bild som kategoriserades som barnpornografi av organisationen Internet Watch Foundation blockerades av många internetleverantörer 2008).",Sweedish
Lagförslag i Italien[44] om förhandsgranskning av materialet på Wikipedia ledde till stor uppmärksamhet och förslaget drogs tillbaka.,Sweedish
Wikipedia kan redigeras av vem som helst.,Sweedish
Detta gör att encyklopedin är beroende av ett stort antal välmenande skribenter som på frivillig basis håller efter den lilla grupp av skribenter som på olika sätt ställer till problem.,Sweedish
Det sätt genom vilket materialet på Wikipedia skapas leder även till problem då felaktig och vinklad information kan läggas till.,Sweedish
Grundtanken är dock att de flesta användare är intresserade av att bevara och skydda Wikipedia och att dessa därför snabbt kommer att återställa efter klotter och bidrag som inte anses hålla tillräckligt hög standard.,Sweedish
Arbetssättet bygger även på idén att samarbete och diskussion mellan alla användare leder till att gruppen i helhet utvecklas och att konsensus om vad som räknas som neutralt kan uppnås även i svårare frågor.,Sweedish
Grundtankarna går alltså tvärt emot idén om att publiceringen av kunskap bör begränsas till en liten grupp utvalda och speciellt kunniga personer som producerar material i en hierarkisk arbetsdelning.,Sweedish
"En del användare har användarbefogenheter som ger dem tillträde till särskilda verktyg som underlättar arbetet mot klotter, vandalisering och konflikter.",Sweedish
"Exempelvis väljs vissa användare till administratörer, som tillfälligt eller tillsvidare kan blockera användare som inte respekterar riktlinjer och konsensusbeslut.",Sweedish
"Administratörerna kan också hindra anonyma användare, eller icke-administratörer, från redigering av sidor som ofta är föremål för attacker eller konflikter.",Sweedish
"Gemenskapen poängterar att administratörerna inte skall tillmätas större auktoritet i sak, utan endast stödja själva processen.",Sweedish
"Flera stora Wikipediaversioner, dock ej den svenska, har infört moderering genom funktionen flagged revisions, alltså att ändringar som görs av nya eller icke inloggade användare inte visas omedelbart för icke inloggade besökare utan fördröjs tills någon tillförlitlig etablerad användare har granskat och godkänt dem.",Sweedish
[45] Innehållet i Wikipedia omfattas av juridiska skäl av lagstiftningen (särskilt lagen om upphovsrätt) i Virginia där Wikipedias servrar[b] numera befinner sig.,Sweedish
"Utöver detta är Wikipedias redaktionella principer sammanfattade i de så kallade ""fem pelarna"", och många policyer och riktlinjer syftar till att utforma innehållet på lämpligt sätt.",Sweedish
"Även dessa regler finns lagrade i wiki-form, och Wikipedia-skribenter kan skriva och revidera dessa policyer och riktlinjer.",Sweedish
"[47] Dessa riktlinjer och policyer tillämpas genom att Wikipedia-skribenterna kan ta bort, märka eller ändra artikelmaterial som inte uppfyller dem.",Sweedish
De regler som de icke-engelska utgåvorna av Wikipedia har baseras ofta på en översättning av reglerna på den engelskspråkiga Wikipedia och skrivs i Sverige utifrån lokala svenskspråkiga diskussioner.,Sweedish
Wikipedia är också en internetgemenskap.,Sweedish
"Som sådan har den utvecklat en egen kultur och egna traditioner, och de sammanfattas i fem grundprinciper: De olika språkversionerna av Wikipedia fungerar som stora internetbaserade grupparbeten, med målet att skapa en encyklopedi.",Sweedish
"Kontakter och diskussioner mellan medlemmarna i grupparbetet sker i regel i samma gränssnitt, via artiklarnas eller användarnas diskussionssidor eller genom de olika deltagarportalerna.",Sweedish
"Förutom samarbetet och diskussioner online, arrangeras olika sorters fysiska träffar mellan Wikipediaanvändare.",Sweedish
"I USA finns exempelvis Great American Wiknic, en årlig Wikipediaträff som under sommaren anordnas i flera amerikanska städer.",Sweedish
"[48] Ibland samlas Wikipediaanvändare lokalt till olika specialevenemang med syftet att bidra till projektet, exempelvis genom att ägna en dag åt fotografering av ett område (""fotosafari"") eller för att redigera tillsammans på en skrivstuga.",Sweedish
"Skrivstugor har ofta specifika teman, där Wikipediaartiklar om kvinnor är ett särskilt vanligt tema.",Sweedish
Lokalt anordnas ofta mindre och informella träffar på exempelvis något café eller pub.,Sweedish
På svenskspråkiga Wikipedia kallas dessa möten Wikifika eller Wikipub.,Sweedish
"Wikipedias trovärdighet, både jämfört med andra uppslagsverk och andra specialiserade källor, kan analyseras på olika sätt, bland annat genom blindtester av experter, genom statistik, genom analys av historiska mönster och genom att analysera styrkor och svagheter i wikimodellen.",Sweedish
"På Wikipedia finns ingen redaktion utan allt arbete utförs av mestadels anonyma frivilliga, vilket kan förväntas påverka tillförlitligheten negativt.",Sweedish
Å andra sidan finns det fler som kan rätta felen.,Sweedish
År 2014 mätte forskare vid Harvard Business School hur politiskt vinklat språket är (andelen ideologiskt laddade formuleringar) i 70 000 engelskspråkiga Wikipediaartiklar om politik.,Sweedish
"De mätte också artiklarnas neutralitet i form av balansen mellan antal formuleringar som är vanliga bland USA:s demokrater (exempelvis “poor people”, “tax breaks” och “change the rules”) respektive konservativa (“illegal aliens”, “death tax” och “border security”).",Sweedish
"De utvärderade även motsvarande artiklar i det traditionella uppslagsverket Encyclopedia Britannica, i syfte att jämföra neutraliteten av kollektivt författad information med expertgenererat material.",Sweedish
"[49] Artikelhistoriken visade att Wikipediaartiklar i ett tidigt skede ofta har ett vinklat språk, och kan växla mellan i huvudsak vänster- och högervinkling under tidens gång, men de artiklar som har redigerats flest gånger (tusentals gånger) har försumbara skillnader i vinkling och neutralitet jämfört med Encyclopedia Britannicas motsvarande artiklar, och är dessutom mer fördjupade.",Sweedish
Bidragsgivare till Wikipedias politikartiklar som har formulerat sig radikalt tenderar att förändra sitt sätt att skriva så att deras bidrag efter några år innehåller märkbart färre ideologiskt laddade formuleringar.,Sweedish
Emellertid är antal redigeringar av en Wikipediaartikel endast svagt korrelerat med antal läsare av artikeln – många populära artiklar är nya och har omarbetats få gånger.,Sweedish
"Detta gör att ur läsarens synvinkel är fortfarande engelskspråkiga Wikipedias politikartiklar mer vinklade än Encyclopedia Britannicas artiklar, något oftare mot vänster än höger, men att balansen är olika för olika ämnesområden.",Sweedish
"[49] Wikipedia bedöms dock vara betydligt mer neutral än kollektivt och användargenererat material i allmänhet på Internet (bloggar, sociala nätverk, diskussionsforum, kommentarsfält och andra wikier), sannolikt därför att de senare skrivs av mindre communities än Wikipedia och har färre innehållsstyrande policyer.",Sweedish
Därför är dessa avsevärt mer känsliga för starka uppfattningar och kontroversiella påståenden som framförs av dominerande bidragsgivare.,Sweedish
"[49] Wikipedias diskussionsforum karaktäriseras, trots redigeringskrig och kritik för pedanteri och sexism, tvärtom av sansade diskussioner mellan meningsmotståndare som hittar gemensam konsensus, och även vid djupt kontroversiella ämnen.",Sweedish
Med hänvisning till denna forskning har debattörer därför beskrivit Wikipedia som en möjlig lösning på internets största problem med osaklig polarisering och desinformation.,Sweedish
[50] Då Wikipedia är öppet för gemensam redigering och kan redigeras anonymt bedöms Wikipedias trovärdighet ofta efter hur fort felaktig eller missvisande information som avsiktligen har lagts in raderas.,Sweedish
"På engelskspråkiga Wikipedia gjordes en undersökning 2007 som visade att ca fem procent av det som skrivs på Wikipedia är klotter men att det har tagits bort inom en mediantid på 14 minuter, men i enstaka fall kan ligga kvar i flera år utan att upptäckas.",Sweedish
"Risken att den artikelversion man läser innehåller klotter beräknades till cirka 0,004 procent.",Sweedish
[51] En undersökning som publicerades 2005 i tidskriften Nature visar att när det gäller artiklar om vetenskapliga ämnen var engelskspråkiga Wikipedia nästan lika korrekt som Encyclopædia Britannica.,Sweedish
Wikipedia hade också ungefär samma antal allvarliga fel i artiklarna.,Sweedish
[52][53] Uppgifterna har ifrågasatts av Encyclopædia Britannica.,Sweedish
[54] I en jämförelse utförd av Svenska Dagbladet 2006 där nio experter granskade varsin av nio artiklar mellan Nationalencyklopedin och svenskspråkiga Wikipedia var Nationalencyklopedin bäst i sex fall och Wikipedia var bäst i tre fall.,Sweedish
"[55] Statens medieråd skrev (i en icke daterad artikel tillgänglig 2015) att ""De stickprov som gjorts visar dock på små skillnader.",Sweedish
Där NE vinner i tillförlitlighet vinner Wikipedia i aktualitet.,Sweedish
Man ska dock tänka på att vissa texter på Wikipedia bara är påbörjade medan andra kan vara betydligt mer utvecklade än innehållet i NE.,Sweedish
"""[56] Ungefär ett år senare togs formuleringen om tillförlitlighet och aktualitet bort i en senare version av artikeln.",Sweedish
[57] Den 24 oktober 2005 publicerade brittiska The Guardian en artikel med titeln ”Can you trust Wikipedia?” ('Kan man lita på Wikipedia?'),Sweedish
där en panel av experter ombads granska sju artiklar som berörde deras specialområden och betygsätta artiklarna med 0-10 poäng.,Sweedish
"Alla artiklarna fick mellan 0 och 8 poäng, men de flesta fick mellan 5 och 8 poäng.",Sweedish
"[58] Den vanligaste kritiken var: Det vanligaste berömmet var: Kritik och skepsis mot Wikipedia har funnits sedan start, och var särskilt framträdande när allmänheten först började upptäcka fenomenet och olika incidenter inträffade första gången.",Sweedish
Eftersom engelskspråkiga Wikipedia är den största språkupplagan tar mycket av kritiken sina exempel därifrån.,Sweedish
Till de skarpaste kritikerna hör ofta personer vars bidrag till Wikipedia har raderats.,Sweedish
Wikipedia får kritik för att artiklarnas tillförlitlighet är blandad och för att vissa artiklar är mycket korta eller har knapphändigt med källhänvisningar.,Sweedish
"Wikipedia får kritik för att författarna i hög grad är västerländska män, ofta med akademisk bakgrund, och att balansen mellan artikelämnen och perspektiv kan påverkas av dessa författares intresseområden.",Sweedish
Wikipedias öppenhet gör den mottaglig även för redigeringar som inte är välmenade.,Sweedish
"Eftersom öppna nätverk fortfarande är en ny företeelse för de flesta, är många besökares första redigering rent klotter - de testar om ""Redigera den här sidan"" verkligen är det den ger sig ut för att vara.",Sweedish
Många användare upptäckte Wikipedia på liknande sätt och eftersom klotter är lätt att ta bort är toleransen också ganska hög gentemot företeelsen.,Sweedish
Det tar inte lång tid innan uppenbart klotter är borttaget.,Sweedish
Däremot tolereras inte avsiktlig vandalism.,Sweedish
Användare som kontinuerligt förstör artiklar kan utestängas från framtida deltagande i projektet genom att en administratör blockerar deras användarkonto eller IP-adress.,Sweedish
"En tidig studie gjord av IBM 2003 visade att vandalism i genomsnitt tas bort mycket snabbt, men i enstaka fall kan ligga kvar mycket länge.",Sweedish
[59] En annan tidig studie (från 2007) som mätte sidvisningar på engelskspråkiga Wikipedia med felaktigt vandaliserat innehåll kom fram till att 42 procent av allt klotter eller vandalism återställdes innan det hunnit ses av icke inloggade användare.,Sweedish
[60] Ett annat beteende som ofta ses som ett problem är bidragsgivare som använder flera användarnamn utöver sitt egentliga i vilseledande syfte.,Sweedish
Dessa kallas sock puppets eller marionetter.,Sweedish
"Grundaren Larry Sanger övergav tidigt projektet, och har sedan dess varit en av dess kritiker.",Sweedish
Han menade våren 2020 att Wikipedia allvarligt lider av bristande neutralitet därför att man enligt honom har övergett principen om att återge många perspektiv och att inte ta ställning.,Sweedish
"Engelskspråkiga Wikipedia har istället börjat tillämpa en princip om att undvika falsk balans, och tar därför ställning för etablerade vetenskapliga uppfattningar.",Sweedish
Enligt Sanger främställs därför minoritetsuppfattningar bland forskare ibland som pseudovetenskap.,Sweedish
"Sanger ger även exempel på icke-vetenskaplig religionskritik som har fått utrymme, och på att Wikipedia enligt honom ger vänsterpolitisk kritik större utrymme än högerperspektiv.",Sweedish
[61] Wikipedia har anklagats för att ha en tendens att täcka vissa ämnen oproportionerligt i förhållande till hur viktigt ämnet är.,Sweedish
"I en intervju med The Guardian[62] 2004 sade Dale Hoiberg, Encyclopædia Britannicas chefredaktör, om engelskspråkiga Wikipedia: Intervjun publicerades 26 oktober 2004.",Sweedish
"28 mars 2005 hade artikeln om kinesisk konst blivit tre gånger så stor som den om orkanen Frances, underartiklar ej inräknade, och artikeln om Tony Blair var 50 % större än den om Coronation Street.",Sweedish
"Wikipedias förespråkare pekar på sådana exempel för att visa att vinklingarna kommer att bli mindre med tiden, medan motståndare anser att just dessa artiklar fick extra uppmärksamhet på grund av intervjun, och att ökningen inte gäller alla artiklar.",Sweedish
[källa behövs] År 2006 listade hemsidan wikipedia-watch.org ett dussintal plagieringar gjorda av redaktörer på den engelska versionen av Wikipedia.,Sweedish
"Jimmy Wales som varit med och grundat Wikipedia sade i detta sammanhang: ""Vi måste hantera sådana händelser på fullaste allvar, utan nåd, eftersom denna typ av plagiering strider till 100 % mot alla våra grundläggande principer.",Sweedish
"[63] Wikipedia har kritiserats, bland annat av Larry Sanger 2012, för att tillåta sexuellt innehåll i sina artiklar, bland annat bilder och filmer av onani och ejakulation samt även foton från pornografiska filmer i flera artiklar.",Sweedish
[64] Kritikerna menade att sexuellt innehåll visas för frikostigt på Wikipedia och att bilderna är för lättåtkomliga för barn som eventuellt använder Wikipedia i sitt skolarbete.,Sweedish
[64][65] Exempelvis visas det kontroversiella originalomslaget till albumet Virgin Killer av bandet Scorpions på engelska Wikipedia.,Sweedish
Omslaget föreställer en naken minderårig flicka.,Sweedish
2008 blockerades artikeln under fyra dagar av de flesta av Storbritanniens internetleverantörer.,Sweedish
"[66] Detta efter att den rapporterats som barnpornografi av ”The Internet Watch Foundation”, en ideell organisation som letar efter olagligt innehåll på Internet och samarbetar med bland annat brittisk polis.",Sweedish
De ansåg då att införandet av bilden i artikeln var ”smaklöst”.,Sweedish
"[67] Efter att Wikipedias grundare Larry Sanger pekat ut vad han ansåg vara fall av barnpornografi i Wikipedias bildbank Wikimedia Commons, tog Wikipedias andra grundare Jimmy Wales hastigt bort flera bilder med sexuellt innehåll, inklusive sakligt material, utan att konsultera användarna i stort.",Sweedish
Detta har han fått kritik för och har nu frivilligt gett upp en del av de privilegier han haft som grundare.,Sweedish
"[68] Under 2007 utvecklade CalTech-studenten Virgil Griffith webbtjänsten ""WikiScanner"" som samkör flera register.",Sweedish
"Därigenom upptäcktes det att olika organisationer, till exempel CIA, Vatikanen och Astra Zeneca redigerat vinklat i artiklar som rörde deras respektive områden.",Sweedish
"Generellt betraktades företagens beteende som dåligt, medan Wikiscanner spåddes få stor betydelse för att övervaka kvaliteten på Wikipedia.",Sweedish
"[69] WikiScanning-historien uppmärksammades av The Independent, som fastslog att många censureringar, som gjorts på en rad Wikipediaartiklar av användare med egenintresse, hade upptäckts: Wikipedia har kritiserats för att ha löst definierade krav på vilka ämnen som anses vara tillräckligt kända att det är relevanta för uppslagsverket och kan få egna artiklar utan att raderas.",Sweedish
Författaren Nicholson Baker skrev i The New York Review of Books att diskussionen kring vad som är relevant är så kontroversiell att ingen kan bilda sig en klar uppfattning och hävdade att artiklar om ämnen som borde vara relevanta lätt raderas.,Sweedish
[70] Wikipedia har kritiserats för att en liten grupp människor står för den största delen av innehållet.,Sweedish
[71] Mätningar av Wikipedias neutralitet visar att det kan krävas ett mycket stort antal bidrag (ofta tusentals) för att en Wikipediaartikel ska uppnå kvalitet som är jämförbar med en expertförfattad uppslagsverksartikel.,Sweedish
"Det kollaborativa skrivandet är därmed ineffektivt, och gör att nyskapade artiklar och artiklar som inte har många bidragsgivare kan ha stora brister.",Sweedish
[49] Auktoritetsbristen och avsaknad av expertgranskning innebär att en kvalitetssäkring saknas av artiklarnas lägstanivå.,Sweedish
När nya bidrag görs till Wikipedia handlar det ofta om små delar eller delar av en sida som ej utsätts för granskning.,Sweedish
Hög- och lågkvalitetsändringar kan då blanda sig i samma artikel.,Sweedish
"Till exempel sa historikern Roy Rosenzweig: ""Rent generellt är själva skrivandet Wikipedias akilleshäl.",Sweedish
Grupper skriver sällan bra och bidragen på Wikipedia är ofta av ojämn kvalitet som beror på att meningar och stycken skrivna av olika personer har sammanfogats.,Sweedish
"""[72] Även om en artikel är faktamässigt korrekt kan den lida av andra kvalitestsbrister, exempelvis att språket har bristande läsbarhet, ibland så att det ser ut som att den har maskinöversatts flera gånger.",Sweedish
[73]  Orsaken kan vara att olika delar har redigerats av olika bidragsgivare med olika grad av språkliga färdigheter och olika syn på hur tekniskt detaljerat språket ska vara.,Sweedish
"I mindre språkversioner av Wikipedia kan bristerna bero på att mycket av innehållet kommer från översättningar av gamla versioner av Wikipediaartiklar på andra språk, och från nationell nyhetsmedia, i stället för från aktuella auktoritativa källor.",Sweedish
Översättningen kan vara bristfällig och kvalitetsbrister kan ligga kvar länge om få kontrollerar artikeln.,Sweedish
"Bibliotekarien Philip Bradley säger i en intervju med The Guardian i oktober 2004 att ""Det huvudsakliga problemet är bristen på auktoritet.",Sweedish
"Med tryckta publikationer måste utgivaren se till att den information denne publicerar är sanningsenlig då deras levebröd hänger på det.""",Sweedish
[62][74] Encyclopædia Britannicas före detta chefredaktör Robert McHenry och Paul Vallely har även de noterat att Wikipedias läsare inte kan veta vem som skrivit artikeln de läser - den kan vara skriven av någon som inte är en expert på ämnet.,Sweedish
"McHenry har också framfört att Wikipedia faller på att den säger sig vara en encyklopedi, ett ord som inger en auktoritet och pålitlighet som är oförenligt med koncepten öppenhet och wiki.",Sweedish
"[75][76] Larry Sanger, Nupedias förre chefredaktör, har i en intervju med Kuro5hin sagt att ett av Wikipedias stora problem är den ""anti-elitism"" som finns.",Sweedish
Wikipedia ber användarna att verifiera innehållet genom att uppge och kontrollera källor.,Sweedish
"Dessa kan i praktiken vara bloggar, och ibland kan det visa sig att en artikel på Wikipedia verifieras genom att innehållet kontrolleras mot en källa, som i sin tur har använt Wikipedia som källa utan att uppge detta.",Sweedish
I en magisteruppsats har det visat sig att över 90 procent av de gymnasieelever som ingick i undersökningsgruppen ser förekomsten av källor som det främsta kriteriet i bedömningen av en artikels tillförlitlighet.,Sweedish
"Ett betydligt mindre antal elever, bara två procent, tycker att författaren till artikeln är viktig.",Sweedish
"[77] Detta skiljer sig därför markant från andra uppslagsverk, där till exempel en aktad författare eller forskare kan anses som en trovärdig källa.",Sweedish
"I ""Cult of the Amateur – How Today’s Internet is Killing Our Culture and Assaulting Our Economy"",[78] berättar IT-entreprenören Andrew Keen om sitt missnöje med Wikipedia.",Sweedish
Han menar att de amatörer som skriver på sidan växer på bekostnad av forskare och experter.,Sweedish
Detta bidrar till en disharmoni när webben utvecklas och författaren får ett samspel med publiken.,Sweedish
"Gränsen mellan amatör och expert suddas ut då amatörernas bloggar eller redigeringar inte alltid är kvalitetssäkrade, utan helt enkelt det som blir det mest intressanta och som då hörs mest.",Sweedish
"Han menar dock inte att det är den öppna tekniken, där alla är välkomna som användare som är problemet, utan själva implementeringen - det krävs en balansgång mellan öppenheten och auktoriteten.",Sweedish
[79] Under åren har det inletts flera projekt för att få forskare att hjälpa till att stärka kvaliteten i Wikipedias artiklar.,Sweedish
"[80] Wikipedias regler tillåter inte  originalforskning och att nya begrepp myntas där, utan de måste första ha publicerats, men nya begrepp kan få större spridning om de nämns på Wikipedia, och forskaren som har myntat begreppet kan därmed bli citerad mer ofta i studentuppsatser och vetenskapliga publikationer.",Sweedish
Undersökningar (bland annat 2017[81]) har visat att ord som presenterats i Wikipedia-artiklar senare ofta kan dyka upp i akademiska uppsatser.,Sweedish
[82][83][84] Den akademiska tidskriften RNA Biology började 2008 koppla samman artikelskrivandet i tidskriften och dess relaterade databas med skrivandet på Wikipedia.,Sweedish
"[85] I bokkapitlet ""Wikipedianer: om Wikipedia i undervisningen"" i antologin ""Pedagogiskt arbete i teori och praktik: om bibliotekariens roll för studenters och doktoranders lärande"" (red.",Sweedish
"Birgitta Hansson & Anna Lyngfelt) skriver högskolebibliotekarien Jan Hjalmarsson om hur Wikipedia kan användas i högre utbildning för att träna studenterna i att jämföra källor, diskutera och problematisera olika typer av digitala källor.",Sweedish
"Han beskriver hur han har arbetat med Wikipedia i undervisningen inom etnologiämnet på Södertörns högskola, och hur studenterna fick en uppgift som innebar att skulle skriva/redigera artiklar på Wikipedia om olika för etnologiämnet relevanta vetenskapliga begrepp som t.ex.",Sweedish
"subkultur, motkultur, genus och intersektionalitet.",Sweedish
"[86] Ett annat exempel på hur studenterna kan arbeta med Wikipedia inom ramen för sina högskolestudier beskrivs i artikeln ""Bildning för vår tids bibliotek"" skriven av Karin Grönvall och Jan Hjalmarsson där de lyfter fram ett samarbete med ämnet marinarkeologi på Södertörns högskola.",Sweedish
"[87] Den globala enkätundersökningen Wikimedia General User Survey 2009[88] genomfördes under hösten 2008 bland besökare av 21 språkversioner av Wikipedia, främst den engelska, tyska och spanska versionen, dock ej den svenska versionen.",Sweedish
Deltagarna i enkäten var boende i 228 olika länder.,Sweedish
"1,14% var från Sverige.",Sweedish
"Av enkätsvaren var 35% Wikipediaförfattare (i huvudsak icke regelbundna bidragsgivare), medan 65% läste Wikipedia utan att bidra.",Sweedish
"0,98% var dessutom administratörer.",Sweedish
"12,8% av författarna och 31,2% av läsarna var kvinnor.",Sweedish
Deltagarna var i åldrarna 10 - 85 år.,Sweedish
"Medelåldern bland författarna var 26,8 år, och bland läsarna 25,3 år.",Sweedish
"Gällande högsta examen som Wikipediaförfattarna hade uppnått hade 4,6% doktorerat, 15,1% hade högst uppnått masters/magisterexamen, 28,4% högst kandidatexamen, 33,4% endast gymnasieexamen, och 12,4% endast grundskoleexamen.",Sweedish
Enligt en artikel i DN är bara drygt 10 procent av de som bidrar till Wikipedia kvinnor.,Sweedish
"[89][90] I en studie bland internetanvändare som genomfördes under 2007 av Hitwise (australiskt marknadsundersökningsföretag) och som även återgavs i tidningen Time,[91] fann man att Wikipedias besökare var nästan jämnt fördelade mellan män och kvinnor men att 60% av alla redigeringar gjordes av män.",Sweedish
2018 rapporterade The Guardian att studier visar att endast 16% av redigerare på Wikipedia är kvinnor.,Sweedish
"[92] I konferensartikeln ""Talk before you Type: Coordination in Wikipedia""[93] har artiklarnas diskussionssidor undersökts.",Sweedish
"Författarna har klassificerat sidorna i elva olika kategorier: koordinering av redigering, fakta som saknas, klotter, policy och riktlinjer, länkar till interna Wikipediaresurser (andra diskussionssidor), ""off topic"", omröstningar, granskning för artikelrekommendation, ""infobox"", bilder och övrigt.",Sweedish
Författarna menar att en del strategisk planering av artikelredigering sker genom diskussionssidorna.,Sweedish
I en tidigare artikel hade samma författare presenterat diskussionssidorna som en arena enbart för konfliktlösning.,Sweedish
"Författarna hävdar också att samtalet i diskussionssidorna är formaliserat (vissa etikettregler finns, som att signera sina inlägg) och policydrivet (referenser till riktlinjerna förekommer ofta).",Sweedish
"En beskrivande studie[94] som analyserade engelskspråkiga Wikipedias policyer och riktlinjer fram till september 2007 identifierade en del intresseväckande statistik: Även om grundprincipen ""Strunta i reglerna"" (ignore-all-rules) endast är sexton ord lång på engelskspråkiga Wikipedia så är sidan som förklarar policyn över femhundra ord lång.",Sweedish
"Den hänvisar läsarna till sju andra dokument, den har genererat över 8 000 ord av diskussion och har redigerats över 100 gånger under mindre än ett år.",Sweedish
"Studien jämförde även utvecklingen av policyer i form av tillförda ord jämfört med när de först skrevs: Siffran för ""deletion"" ansågs ej vara rättvis och heltäckande då policyn har delats upp i flera underpolicyer.",Sweedish
Wikipedia gör det möjligt att redigera anonymt.,Sweedish
"De som redigerar måste inte uppge sin identitet, eller ens en e-postadress.",Sweedish
"En studie från 2007 vid Dartmouth College av franskspråkiga och nederländska Wikipedia, pekar på att i motsats till det förväntade sociala mönstret, var de som redigerade anonymt några av de mest produktiva bidragsgivarna av innehåll med hög klass.",Sweedish
"[förtydliga] Förklaringen till detta[förtydliga] skulle enligt forskarna ligga i att förutsättningarna för att producera det som man kan kalla för ”allmän egendom” (collective goods) är så annorlunda vad gäller Wikipedia, jämfört med andra sammanhang.",Sweedish
Det anses allmänt bland sociologer att det behövs en kritisk massa när en heterogen grupp med individer med både olika förutsättningar och motivation ska komma igång med att producera ”allmän egendom”.,Sweedish
Denna uppnås med det produktionssätt som till exempel Wikipedia har på ett enklare och snabbare sätt än annars.,Sweedish
Det blir fler som deltar och kvalitén ökar.,Sweedish
"Med andra ord gör tekniken det möjligt att nå tidigare outnyttjade ""resurser"", genom att tröskeln för att delta sänkts.",Sweedish
Forskarna valde 1 000 bidrag av registrerade användare och 1 000 bidrag av icke registrerade användare slumpmässigt ur vardera språkgrupp (av totalt mer än 87 000 bidrag den 1 mars 2005).,Sweedish
[95][förtydliga] I en studie [96] utförd av forskare från University of Washington och HP Labs har man försökt analysera redigeringskrig och konflikter i engelskspråkiga Wikipedias datadump från 2006: Wikipedia är ett massornas samarbete där formuleringen av artiklar inte bestäms definitivt utan genom konsensus.,Sweedish
De sociala relationerna mellan Wikipedianerna leder ibland till konflikter.,Sweedish
"Policyer (""policies"") och riktlinjer (""guidelines"") underlättar ofta konfliktlösning men forskarna har hittat flera exempel där fundamentalt olika tolkningar av policyer inte har lett till någon lösning utan tvärtom förhindrat konsensus.",Sweedish
Författarna har valt att analysera engelskspråkiga Wikipedias datadump från 2006.,Sweedish
I denna dump har man försökt hitta redigeringskrig genom att studera artiklar med minst 250 redigeringar på dess diskussionssidor.,Sweedish
"Detta motsvarade 0,3 % av alla diskussionssidor.",Sweedish
"Dessa utvalda diskussionssidor täckte in 28,4 % av alla redigeringar på diskussionssidorna i dumpen.",Sweedish
"Dessutom täcker detta urval in 51,1 % av alla länkar till policyer.",Sweedish
Sedan har man från de utvalda diskussionssidorna riktat in sig på kritiska sektioner genom att välja redigeringar under en tidsperiod då det var både många redigeringar på artikelsidan såväl som på diskussionssidan.,Sweedish
Man hittade att tillit till konsensus ofta leder till ett antal tillfälliga maktspel.,Sweedish
Maktspel som uppträdde ofta handlade om: Konsensus är aldrig slutgiltig och i dispyter diskuteras ofta legitimiteten i tidigare konsensus.,Sweedish
Veteraner vill inte slösa tid på frågor som de anser lösta medan nybörjare uppfattar att deras perspektiv inte representerats i tidigare argument och därför vill lyfta konsensus till diskussion igen.,Sweedish
"Artikelförfattarna menar att Wikipedias nätgemenskap främjas av det svåra arbetet att söka konsensus och att sådant arbete kanske är det största formuleringsarbetet i Wikipedia och motsätter sig andra forskares åsikt att dessa aspekter av samarbetet är ""kostsamt"" och ""improduktivt"".",Sweedish
Man erkänner dock att en del koordinationsarbete kan vara överflödigt men att eventuella verktyg för att underlätta koordinering inte får förstöra den sammanhållande funktion som konsensussökande diskussioner också skapar.,Sweedish
Med koordinationsarbete menar man mödan att beskriva och arkivera tidigare diskussioner samt att hitta bland arkiverade diskussioner.,Sweedish
"Det man efterfrågar är bland annat visualiseringsverktyg för att annotera tidigare konsensus och vilka som var med i denna process, för att sammanfatta konflikter över tid så att man lättare kan förstå en artikels tillstånd.",Sweedish
"Ett meritsystemverktyg skulle kunna motivera till meningsfulla redigeringar, men kan även ge upphov till konkurrens.",Sweedish
Ett innehållsdrivet meritsystem riskerar att bidragsgivare av rädsla för att sänka sin meritstatus försöker förhindra att deras text ändras.,Sweedish
"Forskare vid Carnegie Mellon University har utifrån en mängd statistik försökt skapa en modell
[97] för att förstå och förutsäga administratörsval på engelskspråkiga Wikipedia.",Sweedish
I modellen har de tagit in flera faktorer som i olika utsträckning påverkade resultatet av valet.,Sweedish
"Bland annat kunde de visa att antalet artikelredigeringar påverkade väldigt lite, men att policy- och projektredigeringar höjde chanserna från 1,8 % till 17-19 % per 1 000 redigeringar.",Sweedish
"De visade även att aktivitet i inom olika områden och att skriva redigeringssammanfattningar ökade chanserna att bli vald, medan medverkan i medlingsärenden över lag sänkte chanserna.",Sweedish
Modellen använde dock rätt trubbiga mått på aktiviteten och forskarna konstaterar att man bör analysera vad administratörerna gör mer exakt.,Sweedish
"Forskarna påpekar själva att modellen inte tar vara på kvalitén i redigeringarna utan bara utgår från kvantiteten, men den har ändå visat sig kunna förutsäga 74,8 % av valresultaten.",Sweedish
Några exempel på faktorer: (Värden inom parentes är inte statistiskt säkerställda) I studien The Work of Sustaining Order in Wikipedia: The Banning of a Vandal[98] undersöks hur automatiserade och halvautomatiserade verktyg i kombination med samarbete bekämpar vandalism.,Sweedish
Den visar på att sådana verktygs användning ökar i en omfattning som få tidigare har uppmärksammat.,Sweedish
Studien inkluderar en fallstudie och ger en inblick i om hur snabbt en envis klottrares bidrag återställs och hur klottraren sedan blockeras.,Sweedish
"I studien Wikipedians are born, not made: a study of power editors on Wikipedia[99] från 2009 bekräftar Katherine Panciera m.fl.",Sweedish
tidigare undersökningar som visar att en relativt liten grupp användare står för en stor del av redigeringarna och för en stor del av det material som blir kvar i artiklarna.,Sweedish
"Författarna visar att dessa användare går att känna igen från deras första tid på Wikipedia, bland annat genom att de gör flera redigeringar per dag.",Sweedish
"Dessa användare hänvisar också ofta till Wikipediaprojektets normer, såsom att skriva från en neutral utgångspunkt.",Sweedish
Författarna föreslår olika åtgärder för att öka andelen användare som stannar och förblir produktiva.,Sweedish
"I avhandlingen Frihetens rike: wikipedianer om sin praktik, sitt produktionssätt och kapitalismen (Uppsala universitet, 2015) undersöker Arwid Lund hur wikipedianer ser på sin roll som bidragsgivare till uppslagsverket.",Sweedish
"Frågeställningarna rör även synen på Wikipedias roll i samhället, i ljuset av kapitalistiska och kommunistiska infallsvinklar.",Sweedish
Avhandlingen baseras på ett antal djupintervjuer med både tillfälliga och mer etablerade svenskspråkiga wikipedianer.,Sweedish
[100] Som en av internets största samarbetsprojekt och mest omfattande informationskällor har Wikipedia rönt uppmärksamhet i olika sammanhang.,Sweedish
"Här listas några exempel:  Svenskspråkiga Wikipedia har ännu inte någon sida med namnet ”Machine learning”: Andra orsaker till varför detta meddelande visas: 
Vi letar alla efter snabba sätt att bli mer flytande på engelska jag vet att jag förstår vad som händer är att det bara finns några ord som kretsar kring vår hjärna och vi måste göra hela konversationen med bara fantastiskt fantastiskt coolt eller episkt så vad sägs om oss lära dig några smarta nya engelska ord som du kan använda i ditt dagliga liv och höja ditt ordförråd på några minuter.",Sweedish
så idag ska vi lära oss tio nya smarta ord deras betydelse rotord och exempelmeningar så låt oss gå igång hej alla här är och du tittar på.,Sweedish
och i den här videon ska jag ge dig 10 smarta ord för daglig användning och i slutet av den här videon.,Sweedish
Jag kommer också att ge dig ett smart tips för att låta riktigt flytande smart ordnummer.,Sweedish
en är översvämmad översvämmad betyder drunkning eller översvämning men översvämmad används ofta i samband med arbete som jag ' Jag är överbelastad med arbete jag har för mycket arbete att göra Jag har varit överbelastad med arbete hela veckan jag har knappt haft tid att andas nu låt oss titta på roten till detta ord.,Sweedish
träsk är en bit våtmark och om någon trampar på fel ställe i ett träsk kan de lätt drunkna och verbets form av träsk betyder att sjunka så här kan du använda detta ord.,Sweedish
låt oss säga att du har många uppdrag och att du har ett test som kommer och dina vänner kommer till dig och de säger.,Sweedish
hej varför hänger du inte med oss?,Sweedish
Du kan säga till dem jag är så ledsen men jag är överbelastad med arbete eller jag har överraskat några andra ord som du kan använda i stället för översvämmad är jag har för mycket att göra.,Sweedish
det finns för mycket på min tallrik som jag drunknar i jobbet.,Sweedish
jag är deluged med uppdrag smart ord nummer två är catch-22 nu är jag säker på att du ' Jag har hört detta ord innan catch-22 betyder en omöjlig situation där du inte kan göra en sak om du inte har gjort den andra och du inte kan göra den andra eftersom du inte har gjort den första har.,Sweedish
"Jag förvirrade dig, så låt mig ge dig några exempel, en situation med fångst-22 är när du inte får jobb utan att ha arbetslivserfarenhet.",Sweedish
men du kan inte få erfarenhet förrän du får jobb catch-22 myntades av joseph heller i hans berömda bok med samma namn catch-22 när han beskrev några motstridiga regler som var tillämpliga på soldater under andra världskriget.,Sweedish
ett annat exempel på catch-22 är att du behöver ett banklån eftersom du inte har tillräckligt.,Sweedish
pengar men du skulle inte få det banklånet om du inte bevisar för banken att du har tillräckligt med pengar så nästa gång du fastnar i en knepig situation kom ihåg.,Sweedish
att använda ordet catch-22.,Sweedish
och få dessa beundrande utseende från dina vänner andra ord som du kan använda i stället för fångst-22 är paradoxa eller dilemma smarta ord.,Sweedish
nummer tre är suave suave suave betyder att vara sofistikerad för att vara artig och cool och.,Sweedish
välmodig ordet suave har flera olika ursprung men ett mycket intressant ursprung till ordet är vilket betyder trevlig eller söt smakprov.,Sweedish
han är så redo och suave speciellt framför damerna eller barack obama är så suave och polerad nu kom ihåg när du är på en fest nästa gång och du ser den här personen som är så.,Sweedish
väluppfostrad och kultiverad och sofistikerad.,Sweedish
glöm inte att säga hej vem som är den suave killen där ute i hörnet med hjälp av detta ord kommer omedelbart att göra ditt ordförråd.,Sweedish
väldigt suave så smart ord nummer fyra är grymt grymt ordet grymt betyder något riktigt dåligt hemskt grymt fruktansvärt fruktansvärt grymt grymt har en latinsk rot som heter .som betyder rädsla grymt eller hemskt några exempel på ordet grymt är de senaste våldtäktsincidenterna i Delhi var grymma eller fångar behandlas.,Sweedish
på ett grymt sätt ibland i fängelser används också grymma i det dagliga livet för att prata om något vanligt felaktigt görande och du vill överdriva det.,Sweedish
till exempel hans bordssätt var grymt eller hennes klädkänsla är så grymt eller hans grammatik är grymt.,Sweedish
så nästa gång du hör av en hemsk handling i nyheterna kom ihåg att.,Sweedish
"kommentera och säg att detta är en grym handling smart ord nummer 5 är häpnadsväckande, häpnadsväckande, häpnadsväckande, betyder fantastiskt häpnadsväckande.",Sweedish
nu använder vi ofta ordet häftigt här ' s ett annat ord som du kan använda istället för häpnadsväckande häpnadsväckande till exempel idag fick jag en häpnadsväckande poäng på mitt test vilket innebär att jag fick en mycket hög poäng eller.,Sweedish
jag fick en nästan perfekt poäng ordet häpnadsväckande har klassiska latinska rötter från ordet som betyder.,Sweedish
att bli bedövad så häpnadsväckande används för att beskriva något som är fantastiskt bra till exempel ser hon häpnadsväckande ut i den klänningen eller vilken underbar utsikt från den här balkongen eller jag läser den här fantastiska boken som jag inte kan lägga ner vad sägs om att du går och säga.,Sweedish
dina vänner som är denna fantastiska kanal för studenter och några andra ord som du kan använda istället för fantastiska är otroligt fantastiska eller exceptionellt bra ok så innan vi fortsätter med de balanserade fem orden på den här videon kom ihåg att lägga en kommentar under den här videon.,Sweedish
att berätta vilken av dessa tio ord som var ditt favorit smarta ord nummer sex är i en fix i en fix betyder att vara i en besvärlig situation till exempel pojke jag är i en fix eftersom jag har planerat med två olika vänner för detta kväll.,Sweedish
Jag har tappat min telefon och jag är i en fix eller vår buss gick sönder i morse och jag är i en fix som min vän alltid vänder sig till mig för hjälp när han är i fix och när det går bra han glömmer bort.,Sweedish
mig så nästa gång du får matta läxor från skolan till exempel och om du har lämnat din mattebok i skolan så kan du berätta för dina vänner att du är i en riktig fix nu kanske du tror att ordet fix har något att göra med att reparera något.,Sweedish
men nej i en fix betyder att vara i en besvärlig situation andra ord som du kan använda istället för i en fix är att jag är i en soppa eller i ' m i en röra eller jag är i en plåga eller bara jag är i en plats smart ord nummer 7 är flummox flummox betyder att förvirra någon.,Sweedish
så mycket att de glömmer vad de ska göra nu förvirrade tenderar att vara ett överanvändt ord så istället för det varför använder du inte flummox till exempel såg pojken helt ut .flummoxed när läraren ställde honom en fråga i klassen eller hunden var flummoxed ut vid sin egen reflektion i spegeln eller turisten blev uppslukad av de olika sederna som.,Sweedish
han stötte på under sina resor eller i en intervju när hon frågades varför ska vi anställa dig såg hon ut helt flummoxed så nästa gång om du blir förvirrad på några frågor till exempel vid en undersökning så du.,Sweedish
kan alltid säga det eftersom jag inte hade ' Jag förberedde mig väldigt bra för provet.,Sweedish
Jag blev förvirrad av några av de frågor som andra ord som du kan använda istället för flummoxade är förvirrade förbryllade eller förvirrade smarta ord nummer åtta är möte rendezvous rendezvous.,Sweedish
är ett mycket franskt sätt att säga möte eller datum till exempel jag har ett möte med mina vänner över lunch på lördag eller jag planerar att möta mina vänner på köpcentret för filmer möte kan användas både som substantiv eller som verb till exempel.,Sweedish
Jag har ett möte med mina vänner i kväll eller jag ska möta mina vänner imorgon.,Sweedish
i frankrike användes tidigare möte av armén för att ange en mötesplats för trupperna nu finns det något lite spännande och hemlighetsfullt om ordet möte även nu så medan du kan använda möte för alla möten.,Sweedish
"i allmänhet men det vann ' t är väldigt lämpligt för ett officiellt möte, så om du har ett datum kanske du säkert kan ringa att ett möte smart ord nummer 9 är tråkigt tråkigt tråkigt är en förolämpning du skulle använda det när du försöker kalla någon dum eller ointelligent.",Sweedish
eller svag nu har du hört ordet tråkigt i geometri trubbig vinkel och spetsig vinkel så att en tråkig vinkel är en vinkel större än 90 grader men mindre än 180 grader.,Sweedish
och en skarp vinkel är denna skarpa vinkel mindre än 90 grader så skarp som ett ord används för att beteckna skarpt och därför också mentalt skarpt och stumt betecknar trubbigt och.,Sweedish
därför också lite långsamt i sinnet så exempel meningar med stum är mannen var så trubbig att han gav bort sitt lösenord till en falsk uppringare eller det tråkiga barnet.,Sweedish
kunde inte.,Sweedish
att svara på en enda fråga på testet eller den tråkiga mannen hade svårt att förstå även grundläggande instruktioner nu antar att i din situation i det dagliga livet är din pojkvän eller din flickvän arg på dig och du vet inte varför så du kan. säg till dem kanske jag är tråkig men jag vet inte varför du är så upprörd smart ord nummer 10 är trög trög trög betyder att röra sig långsamt för att vara lite långsammare.,Sweedish
än vanligt att se lite trött och saknas.,Sweedish
i energi exempel en tung lunch gör mig mycket på eftermiddagen trög har rötter från ordet som betyder en långsam person och en snigel är ett djur som rör sig riktigt mycket långsamt som en snigel exempel.,Sweedish
ekonomin har varit mycket trög i år eller matchen tog fart efter en trög start.,Sweedish
eller när affärer har varit tröga i det här kvartalet kan du använda det i ditt dagliga liv om du känner dig väldigt trött en dag kan du berätta för din mamma eller berätta.,Sweedish
dina vänner jag känner mig mycket trög.,Sweedish
idag kunde jag göra med en energidryck andra ord som du kan använda i stället för trög kan vara slö eller dra i fötterna så det var de 10 smarta orden och tidigare.,Sweedish
Jag ger dig det hemliga tipset för att låta väldigt flytande.,Sweedish
Jag vill påminna dig om att om du letar efter smarta ord att använda i ett telefonsamtal lägger jag en länk till en video.,Sweedish
nere i beskrivningsrutan för det och nu är det hemliga tipset det hemliga tipset för att låta flytande är att använda inte mer än ett smart ord eller en mening jag känner ibland.,Sweedish
vi blir väldigt glada för.,Sweedish
vi' Jag har lärt oss en hel del av dessa smarta ord och vi tenderar att fylla två tre fyra av dem i en mening som inte låter naturligt.,Sweedish
så var en åt gången säker på att du uttalar.,Sweedish
ordet på rätt sätt fortsätt till google och skriv in ordet och i sökningen högst upp ser du en liten högtalarikon klicka på den högtalaren.,Sweedish
och hör uttalet en eller två gånger.,Sweedish
"och du är redo att gå och om du har gillat den här videon, glöm inte att ge oss tummen upp med en kommentar.",Sweedish
för mig under det att berätta för mig vilka av dessa tio ord som är din favorit och också.,Sweedish
om du inte redan har tryckt på prenumerationsknappen och klockikonen bredvid den och glatt tittar på.,Sweedish
hej killar välkomna till min kanal i den här videon.,Sweedish
Jag ska ge dig 50 bästa engelska fraser som du kan använda i din vardag.,Sweedish
så om du bara ska påbörja din resa.,Sweedish
till ett engelsktalande land kan du helt använda det här.,Sweedish
fraser om du har lärt dig engelska ett tag och vill fortsätta lära dig.,Sweedish
det här är den bästa videon till att börja med så låt oss gå 50 fraser på engelska på förhoppningsvis 10 minuter.,Sweedish
fras nummer ett detta är ett annat sätt att fråga.,Sweedish
Hur mår du?,Sweedish
hur är läget?,Sweedish
hur är läget?.,Sweedish
så du träffar någon och du tid hur går det ?.,Sweedish
fras nummer två när du inte har träffat någon på ett tag säger du till honom länge utan att se så det betyder att du inte har sett den här personen kanske veckor eller månader länge.,Sweedish
tre om du vill fråga dig vad du har gjort.,Sweedish
du frågar vad du har gjort så vad som hände i ditt liv ?.,Sweedish
vad har du gjort för att höja dem tidigare om allt går?,Sweedish
ja du kan bara svara kan inte klaga allt är riktigt coolt.,Sweedish
"kan inte klaga på nästa fras någon säger till dig något och du har inte riktigt nämnt det i konversationen som om de på något sätt antar att du har ett nytt jobb, och du frågar honom.",Sweedish
hur vet du?.,Sweedish
var fick du nyheter som hur mår du.,Sweedish
vet om någon berättar ett coolt skämt så kan du säga att det är bra.,Sweedish
det är ett bra skämt så frasen är att det är ett bra.,Sweedish
om du vill tacka någon kan du säga att det är väldigt snällt av dig tack så mycket för att du gör det som är väldigt snällt av dig det är väldigt snällt av dig om någon.,Sweedish
"försökte hjälpa dig, men kunde inte nå det resultat du kan säga.",Sweedish
"tack ändå spelar det ingen roll, men tack ändå.",Sweedish
tack för din insats.,Sweedish
"nej tack ändå, och en annan fras som jag använder i min e-post ibland när jag inte har bett om någon person.",Sweedish
frågar jag och sedan säger jag till slut.,Sweedish
"tack på förhand, vilket innebär att jag verkligen hoppas att du ska.",Sweedish
gör det lite tack på förhand.,Sweedish
"tack på förhand om någon gjorde ett misstag, och han är verkligen upprörd över det.",Sweedish
du kan bara säga inga bekymmer.,Sweedish
"oroa dig inte oroa dig, vilket betyder att du inte oroar dig för det.",Sweedish
det är okej.,Sweedish
inga bekymmer föreställ dig att du kom hem och det finns alla dina vänner som sitter på din soffa.,Sweedish
och du är som vad som händer här som vad gör du här ?.,Sweedish
vad händer om du inte fångade något eller om det inte förstod personen du alltid kan fråga om fick jag rätt ?.,Sweedish
och fortsätt sedan och förklara var du fick fick jag rätt ?.,Sweedish
om du ber någon att inte vara upprörd att inte gråta kan du säga ta det inte till hjärtat.,Sweedish
"ta det inte till hjärtat som på allvar, var inte så upprörd, ta det inte till hjärtat.",Sweedish
ett annat sätt att fråga om du inte fångade en del av en fras kan du säga att jag inte fick det sista ordet.,Sweedish
Jag är ledsen.,Sweedish
kan du upprepa det för att jag inte fick det sista ordet om han vill att någon ska upprepa hela frasen igen.,Sweedish
du kan säga ledsen.,Sweedish
jag lyssnade inte eftersom du kanske var upptagen.,Sweedish
"kanske du pratade i telefon och någon pratade med dig, och du är som.",Sweedish
Herregud.,Sweedish
ledsen att jag inte lyssnade.,Sweedish
kan du upprepa det?.,Sweedish
Jag är ledsen.,Sweedish
Jag lyssnade inte på en annan fras som jag använder hela tiden.,Sweedish
det spelar ingen roll som oroa dig inte om du tappar ditt kaffe över mig.,Sweedish
det är som att det inte spelar någon roll.,Sweedish
Jag kommer att bli bra.,Sweedish
jag ' jag går i tvätt ändå.,Sweedish
det spelar ingen roll om du vill önska någon lycka till.,Sweedish
och jag gör alltid att du kan säga korsade fingrar och du korsar fingrarna så.,Sweedish
håller tummarna.,Sweedish
en annan fras som amerikaner använder är dåligt som förklarar det och.,Sweedish
"situationen är att du inte fick något och sedan får du en extra effekt, och du får det.",Sweedish
och du är som åh det som förklarar det som förklarar det.,Sweedish
ett annat sätt att berätta för personen att inte vara upprörd är att du kan säga att saker händer som om det är okej.,Sweedish
saker händer bli inte upprörd om du inte har namnet på en person du vill prata med honom.,Sweedish
du kan säga ledsen att störa dig du vet att du ser.,Sweedish
någon är upptagen kan du alltid säga förlåt att störa dig och sedan kan du fortsätta och fråga.,Sweedish
ledsen att störa dig.,Sweedish
om du är mitt i något i någon ' Jag ber dig något du kan säga oh.,Sweedish
"du är mitt i något och någon ber dig att göra något du säger, jag är ledsen.",Sweedish
Jag kommer att vara med dig om en minut jag är med dig in och sedan fortsätter du att göra något och du säger var var vi.,Sweedish
som när slutade vi var var vi och du måste upprepa det för vad det är ljudet som någon misstag med.,Sweedish
så det här är ett bra sätt att öva var var vi igen om du är mitt i en konversation?,Sweedish
och du förstod inte vad den andra personen sa att du kan säga att du sa och med ett frågetecken.,Sweedish
vilket betyder vilket uppmanar personen att upprepa igen?,Sweedish
du höll på att säga .,Sweedish
om någon har jobb med sina drömmar om vad du kan säga lycklig du eller någon kom in på universitetet i sina drömmar som lycklig du är detta ett sätt att gratulera den person som är lycklig du eller som bara betona att han har tur tur dig ett annat sätt att säga att du är riktigt arg är att säga att jag freaked ut som jag var så arg jag .freaked ut detta är super arg.,Sweedish
"Åh, det här är som nästan galet.",Sweedish
Jag freakade ut en annan fras som modersmål använder är bra för dig och det kan vara både positivt och negativt när du säger att jag blev befordrad och om de säger bra för dig gillar grattis och ibland om du säger att jag lämnar denna plats.,Sweedish
de är som bra för dig det skulle vara bättre utan dig och det här är en negativ mening så lyssna verkligen på intonationen.,Sweedish
om något överraskar dig kan du också säga att du måste skoja mig som åh min gud.,Sweedish
"Jag kan inte tro det, du måste skoja mig att berätta för någon att le och för att vara glad kan du alltid säga muntra upp.",Sweedish
om du vill att någon bara låter som att gråta och klaga på något som inte händer kan du säga kom jag kan du göra det jag?,Sweedish
kom igen.,Sweedish
du kan göra det du kan skicka toefl du kan skicka gmat du får det kom igen.,Sweedish
"du kan göra det om någon mår riktigt bra, du kan berätta för dem fortsätt det goda arbetet fortsätt det goda arbetet som vara så bra som du är och fortsätt det goda arbetet fortsätt att vara en annan fras är vardagligt, och detta är vad amerikaner säga.",Sweedish
det lyser vilket betyder att det är fantastiskt många amerikaner sa i Kalifornien.,Sweedish
"åh det är tänt och du hörde det nog i låtar som ' lyser om någon lyckas efter misslyckanden, så du kan säga där du går jag sa till dig att du kommer att göra det där du går om någon frågar dig om du är trött och du vill säga att du inte är trött alls du kan inte säga lite nah.",Sweedish
jag vill fortsätta jag är inte trött på det inte när någon frågar om du är säker och du är ganska säker på att du kan säga att det inte finns plats för det?,Sweedish
det finns inget utrymme för tvivel i Amerika om du vill sms någon eller skicka dem ett meddelande du säger text till text så jag smsar dig betyder att jag kommer att skicka ett meddelande via whatsapp eller ett telegram eller messenger av vad som helst jag använder sms till dig igen för att muntra upp någon för att berätta för dem att inte vara upprörda du kan säga att det inte är värt det som varför gråter du?,Sweedish
det är inte värt det.,Sweedish
du är så mycket bättre än problemet du gråter om det ' s inte värt dina tårar.,Sweedish
det är inte värt det jag personligen älskar frasen du rockar vilket betyder att du är fantastisk.,Sweedish
Herregud.,Sweedish
rockar du rock?,Sweedish
"nej, du har gjort ett fantastiskt jobb.",Sweedish
"du gungar om någon inte fungerar riktigt bra, och du vill att de ska arbeta hårdare kan du säga att du ska gå en extra mil vilket innebär att du som att arbeta hårdare ska gå en extra mil.",Sweedish
ett annat sätt att säga samma sak du kan säga öka ditt spel som att arbeta hårdare arbeta bättre öka ditt spel.,Sweedish
om någon gråter och inte vill ha det.,Sweedish
det sjunker säger du ta dig ihop som att bokstavligen ta dig själv och dra dig ihop sluta arbeta sluta gråta dra dig ihop.,Sweedish
hej lugna dig själv tillsammans en annan fras som.,Sweedish
Jag älskar att du sålde mig eftersom ibland människor beskriver sin resa eller någon de köpte och de beskriver att det är så bra.,Sweedish
"och de är som att jag vill köpa samma sak och jag säger till dem att du sålde det att du sålde mig, jag skulle inte köpa det här, du sålde mig om du inte är intresserad av konversationen.",Sweedish
du är som att sitta du kan säga att jag inte bryr mig mindre det här är så tråkigt.,Sweedish
jag är inte intresserad.,Sweedish
Jag kunde inte bry mig mindre om någon frågar dig något och det här är ett väldigt enkelt beslut för dig som om någon säger att du tar mina 1 miljon dollar och du säger att det här är en no-brainer.,Sweedish
jag tar det.,Sweedish
det här är en no-brainer betyder att det är ett riktigt enkelt beslut för dig om du har gjort något fel och du erkänner att du kan säga att jag har skruvat upp ja killar.,Sweedish
jag vet.,Sweedish
Jag är ledsen.,Sweedish
jag ställde till det.,Sweedish
det här är mitt misstag.,Sweedish
jag skruvade upp jag skruvade upp det om du vill att någon ska arbeta istället för mig kan du säga.,Sweedish
kan du täcka mig som kan du arbeta istället för mig medan jag ' jag träffar min vän.,Sweedish
kan du täcka mig är det dags att åka och killar jag skulle hellre åka vilket betyder att jag borde gå redan.,Sweedish
det är du vet.,Sweedish
det är faktiskt kl.,Sweedish
21.00. just nu.,Sweedish
jag skulle hellre gå ett annat sätt att säga adjö.,Sweedish
"Jag kan säga ta hand, vilket innebär att ta hand om dig själv.",Sweedish
vi ses senare.,Sweedish
Ta hand om dig.,Sweedish
"Jag vet inte vilken dag det är när du tittar på den här videon, men om det är fredag ​​till exempel helg.",Sweedish
du kan säga tack himlen är fredag ​​eller tror himlen sa lördag helg upptäckt.,Sweedish
"Jag är så glad att det var 50 killar på engelska, låt mig veta om det här var till hjälp genom att gilla den här videon och kommentera nedan om du känner till fler coola fraser.",Sweedish
det skulle vara bra det finns en röd knapp där någonstans.,Sweedish
Hej och välkommen.,Sweedish
i den här videon kommer jag att ge dig 100 vanliga och mycket användbara meningar som du kan använda i samtal.,Sweedish
när du hör en mening öva det efter mig.,Sweedish
försök att kopiera mitt uttal exakt inklusive rösttonen som jag använder.,Sweedish
"okej, låt oss börja.",Sweedish
grundläggande hälsningar hur går det?,Sweedish
hur står det till?,Sweedish
vad händer?,Sweedish
Trevligt att träffas.,Sweedish
det var länge sedan.,Sweedish
hur har du varit?,Sweedish
jättebra tack.,Sweedish
och du då?,Sweedish
inte mycket.,Sweedish
det vanliga.,Sweedish
jag måste komma igång.,Sweedish
det var ett nöje att träffa dig senare.,Sweedish
hålla kontakten.,Sweedish
frågar efter information.,Sweedish
kan du berätta vad detta ord betyder?,Sweedish
skulle du råka veta var biblioteket är?,Sweedish
tvekande.,Sweedish
det är en bra fråga.,Sweedish
låt mig se.,Sweedish
låt mig tänka ett ögonblick.,Sweedish
ber om upprepning.,Sweedish
Ursäkta mig?,Sweedish
"förlåt, jag fick inte det.",Sweedish
skulle du ha något emot att upprepa det?,Sweedish
"kan du prata lite långsammare, snälla du?",Sweedish
"säger ""jag vet inte"".",Sweedish
jag är rädd att jag inte har någon aning.,Sweedish
"kan inte hjälpa dig där, förlåt.",Sweedish
slår mig.,Sweedish
åsikter.,Sweedish
vad tycker du om det?,Sweedish
vad tycker du om detta?,Sweedish
Jag tycker att det är en bra idé.,Sweedish
Jag tror verkligen inte att det kommer att fungera.,Sweedish
såvitt jag är orolig är detta den bästa restaurangen i stan.,Sweedish
undvika en fråga.,Sweedish
Jag har ingen åsikt om saken.,Sweedish
låt mig komma tillbaka till dig om det.,Sweedish
jag har inte frihet att säga.,Sweedish
håller med och håller inte med.,Sweedish
Jag kunde inte hålla med mer.,Sweedish
du har helt rätt.,Sweedish
Jag håller 100% med dig.,Sweedish
du träffar spiken på huvudet.,Sweedish
jag är inte säker på att jag håller med.,Sweedish
jag är rädd att jag inte håller med.,Sweedish
jag tror att du har fel.,Sweedish
avbryter artigt.,Sweedish
ledsen att avbryta dig.,Sweedish
kan jag stoppa dig där ett ögonblick?,Sweedish
har du något emot om jag hoppar in här?,Sweedish
Varsågod.,Sweedish
gå vidare.,Sweedish
låt mig avsluta.,Sweedish
håll ett ögonblick.,Sweedish
förslag.,Sweedish
vad säger du att vi går på bio?,Sweedish
vad sägs om att äta pizza till middag ikväll?,Sweedish
det skulle vara jättebra.,Sweedish
Det låter bra.,Sweedish
jag är inte säker på det.,Sweedish
"nej, jag tror inte det.",Sweedish
göra planer.,Sweedish
vad gör du ikväll?,Sweedish
har du några planer för imorgon?,Sweedish
är du ledig nästa lördag?,Sweedish
vill du göra något i helgen?,Sweedish
"säker, vad har du i åtanke?",Sweedish
"jag är fri hela helgen, låt oss göra något.",Sweedish
"nej, förlåt, jag har redan galen några planer.",Sweedish
jag är upptagen i morgon.,Sweedish
Jag skulle gärna göra något men jag kan inte.,Sweedish
lov.,Sweedish
har du något emot om jag använder din mobiltelefon?,Sweedish
skulle det vara okej om jag tog ledigt i morgon?,Sweedish
"ja, snälla, fortsätt.",Sweedish
Nej inte alls.,Sweedish
tyvärr måste jag säga nej.,Sweedish
Jag skulle hellre att du inte gjorde det.,Sweedish
jag är rädd att jag gör det.,Sweedish
gör förfrågningar.,Sweedish
"kan du ge mig saltet, snälla du?",Sweedish
har du något emot att låna lite pengar till mig?,Sweedish
Jag undrade om du kunde hjälpa mig med det här.,Sweedish
"säker, inga problem.",Sweedish
Ja självklart.,Sweedish
Jag skulle gärna hjälpa.,Sweedish
"förlåt, jag kan inte just nu.",Sweedish
jag är rädd att jag inte kan. ge ett erbjudande.,Sweedish
kan jag skaffa ett glas vatten till dig?,Sweedish
vad sägs om lite glass?,Sweedish
vill du att jag ska åka hem till dig?,Sweedish
Ja tack.,Sweedish
"det skulle vara bra, tack.",Sweedish
jag mår bra men tack för att du erbjuder.,Sweedish
"nej, jag är bra, tack.",Sweedish
tacka människor.,Sweedish
stort tack.,Sweedish
skål jag uppskattar det verkligen.,Sweedish
det är väldigt snällt av dig.,Sweedish
Jag kan inte tacka dig nog.,Sweedish
det är inget.,Sweedish
nämn inte det.,Sweedish
när som helst.,Sweedish
mitt nöje.,Sweedish
ber någon vänta.,Sweedish
"kan du hålla på ögonblick, snälla?",Sweedish
hänga på en sekund.,Sweedish
ha med mig bara ett ögonblick.,Sweedish
jag har rätt med dig.,Sweedish
ber om ursäkt.,Sweedish
jag är verkligen ledsen för det.,Sweedish
snälla förlåt mina synder.,Sweedish
oroa dig inte för det.,Sweedish
inga problem.,Sweedish
"okej, om du vill ha mer lektioner om vanliga meningar och fraser, låt mig veta i kommentarfältet nedan.",Sweedish
"även om du gillade den här videon, tummen upp genom att trycka på liknande-knappen och kom ihåg att prenumerera på den här kanalen genom att klicka på prenumerationsknappen för att få mina senaste lektioner här på youtube.",Sweedish
lyckligt lärande och jag ses snart i en annan lektion.,Sweedish
det gyllene brödet en gång i en liten by bodde en kvinna som heter marion.,Sweedish
med sin enda dotter var narcisa marion extremt ödmjuk och söt narcisa men var helt tvärtom ser du att hon var vacker utöver ord hon var som en levande.,Sweedish
docka och den mest underhållande delen är att hon älskade sig själv utan syfte narcisa skulle du.,Sweedish
hjälp mig att baka brödet va inget sätt mamma mjölstädarna alla mina ljusa och glittrande ögon.,Sweedish
"narcisa skulle du hjälpa mig att plantera dessa frön, varför skulle jag göra det, vad har jag fått all smuts på mina vackra fingrar, värre om det skulle gå i ansiktet, det var problemet med narcisa.",Sweedish
hon tyckte sig vara för stor för att göra något arbete som många friare kom för att be om narcissus i äktenskapet.,Sweedish
eftersom hennes skönhet var känd vidsträckt men hon avvisade dem alla väldigt oförskämt varför skickade du bort dessa män igår de verkade trevliga du kan inte vara seriös mamma en av dem.,Sweedish
hade så små ögon nästan som en fågel och den andra hade en enorm näsa jag skulle inte vilja vara nära honom.,Sweedish
"när han nysade åh åh och sista stoppet nej, jag vill inte höra mer allt jag kunde se var att de här männen var riktigt trevliga min kära, du måste veta den skönheten.",Sweedish
är inte allt mamma du måste inse att jag förtjänar någon som en prins eller en riddare.,Sweedish
åh kära en natt när hon sov satt hennes mamma vid hennes sida och tittade på henne.,Sweedish
min kära barn du är så vacker och vacker men du bryr dig inte om något annat än din skönhet.,Sweedish
i det ögonblicket började narciss skratta i sömnen hennes mamma var mycket förvånad över hur trevlig hon måste ha en riktigt rolig dröm nästa morgon när narcissus.,Sweedish
"Jag vaknade, hon var alla leende och fnissar här älskling berätta vad du drömde om.",Sweedish
igår kväll mamma det var en så fantastisk dröm du vet att det var den här prinsen som kom fram till mig.,Sweedish
och sa att han ville gifta sig med mig han hade kommit i en gyllene vagn och han var klädd uppifrån och ner och guld också vilken dum dröm.,Sweedish
och du vet att den bästa delen av det var när jag var i min bröllopsklänning som var av guld också såklart alla stirrade bara på mig narcisa det finns inget fantastiskt med den drömmen.,Sweedish
det var en mycket egoistisk drömmamma du vet inte vad du säger att drömmen har fått mig att inse att jag behöver mat mycket större än den typ jag äter här hemma bröd av guld.,Sweedish
tänk bara på att den stackars narcissemamma var så orolig för sin dotter och hur.,Sweedish
hon skulle leva sitt liv den dagen två vänner kom för att besöka narcissmamma de var mellie och terry de tre av dem hade varit vänner i åldrar men terry och ellie hade en hemlighet båda.,Sweedish
"var magiska varelser något som narcisses mamma visste ingenting om terry melli oh det är så bra att se dig det har varit väldigt länge hasn ' t det hur har du varit jag har varit väldigt bra jag skulle ha varit bättre om bara om bara vad om bara min dotter narcisa var lite mer förstående marian berättade för mellie och terry allt om narcisa och hur hon var orolig för henne hon vill äta bröd av guld vad gör jag med henne, kanske om hennes dröm går i uppfyllelse.",Sweedish
det skulle vara underbart skulle det inte vara bra oavsett jag antar att med tiden kommer hon att lära sig låt oss prata om något annat.,Sweedish
nu senare vinkade mellie och terry farväl till sin gamla vän och gick bort leende till varandra hemligt den natten både mor och dotter.,Sweedish
gjorde mig redo för sängmamma jag hoppas verkligen att min dröm går i uppfyllelse du vet åh narcisa nästa dag som narcisa och hennes mamma var ute i deras trädgård en vacker.,Sweedish
"gyllene vagnen kom ridande upp till dem, den var fylld av ädelstenar och diamanter och såg väldigt fantastisk ut.",Sweedish
när det stoppade kom en stilig man ut ur den och tittade på narcisa hon blev helt förvånad över hur stilig han var min dröm faktiskt går i uppfyllelse umm.,Sweedish
vad hej jag har kommit hit för att be om narcissus hand i äktenskap men hur vet du hennes namn och vem är du.,Sweedish
Jag är Terrence ängeln med lycka din dotters namn och skönhet är känd över hela världen här jag har gett dig en gåva vad men du känner knappt honom du kan inte gå med honom.,Sweedish
åh dumt han är rik och stilig vad mer kan jag vilja ha terrence jag accepterar ditt förslag.,Sweedish
och med det gick hon in i vagnen och utan att ens säga adjö till sin mor åkte hon med ängeln när de färdade vagnen plötsligt in i en magisk portal där den reste genom ett stormigt område vagnen stötte enormt och narcissa.,Sweedish
var väldigt rädd oroa dig inte min kära allt detta kommer snart att vara över precis som han sa att vagnen gick genom en annan portal och nådde uppfarten.,Sweedish
"av ett stort och magnifikt gyllene slott narcisa blev förvånad över all den skönhet hon såg att jag visste att jag förtjänar så många rikedomar jag visste att du skulle vilja ha det du vill ha här hittar du från de vackraste klänningarna till de godaste matarna allt i mitt palats väl talar om mat jag är verkligen hungrig efter den åkturen jag ' m svälter kan jag få något av den goda maten naturligtvis här kött illaluktande melissa hon kommer att få dig vad du vill jag har hört så mycket om dig du stackars kära du är hungrig är du inte kommer vi går till matbordet och Jag ska skaffa dig lite mat åh tack, de gick in i matsalen och där på bordet fanns den mest häpnadsväckande maten som narcisa någonsin hade sett fantastisk, det beror på att det är sylt som görs.",Sweedish
av rubiner salladerna av smaragder och brödet där borta är gjorda av guldguldbröd hur härligt detta sylt kommer att se ut och smaka härligt med brödet hon tog en skiva med.,Sweedish
ruby jam på det och tog en enorm bit det är så varmt att jag inte kan äta så bra det är bröd av guld och det finaste också men om du inte kan äta ska jag skaffa dig silverbröd silver va varför inte du äter.,Sweedish
"något annat men jag vill ha normalt brödbröd som jag kan äta har du inte det utseendet till min fru till min far, det är kallt, du får bara äta den bästa narcis jag tittade på all mat.",Sweedish
men var hjärtskadad för allt det var oätligt hon började snart gråta jag vill inte ha det här men maten är riktigt bra.,Sweedish
här prova några gyllene potatis de är riktigt bra och när du är gift med mig.,Sweedish
du måste äta allt detta jag trodde att du gillade snygga saker nej jag vill inte gifta mig med dig jag vill åka hem.,Sweedish
till min mamma låt mig gå hem melissa och terrence tittade på varandra och blinkade bra.,Sweedish
om det verkligen är vad du vill så tar jag dig hem med terrence tog gråt och olycklig.,Sweedish
narcis hemma i vagnen började hon tänka djupt på de val hon hade gjort när hon kom hem.,Sweedish
hon sprang för att krama sin mor som satt i huset ledsen eller syster o min söta dotter jag trodde att jag aldrig skulle träffa dig igen.,Sweedish
oh mamma jag älskar dig så mycket och du hade rätt utseende och rikedomar är inte allt guldbrödet var värdelöst eftersom jag inte kunde äta det och mannen trots att.,Sweedish
han var stilig han brydde sig inte alls om mig men min kära inser du att det är precis så du behandlade andra jag vet att jag är så ledsen för hur jag agerade mamma åh nej det är okej eftersom du har sett.,Sweedish
vad ditt misstag var kom låt oss mata dig något trevligt från och med den dagen.,Sweedish
narcisa förändrade sätt som hon först kämpade men långsamt och tålmodigt började hon bli mycket trevligare en dag mellie och terry kom för att träffa marian igen oh hej ni två så berätta för oss marian.,Sweedish
på vilket sätt' s narcissism berättade marian dem båda allt som hade hänt och hon har förändrats så mycket från den tiden.,Sweedish
har hon antar hon att hon inte vill ha mer guldbröd nu va vet du.,Sweedish
frotté du ser faktiskt lite ut som den ängeln men vad ser jag hur kan du vara han ni är så trevliga,Sweedish